Age,Gender,self_employed,family_history,treatment,work_interfere,no_employees,remote_work,tech_company,benefits,care_options,wellness_program,seek_help,anonymity,leave,mental_health_consequence,phys_health_consequence,coworkers,supervisor,mental_health_interview,phys_health_interview,mental_vs_physical,obs_consequence,Age_Group
37.0,female,No,No,Yes,Often,6-25,No,Yes,Yes,Not sure,No,Yes,Yes,Somewhat easy,No,No,Some of them,Yes,No,Maybe,Yes,No,31-40
32.0,male,No,No,No,Rarely,6-25,No,Yes,No,No,No,No,Don't know,Somewhat difficult,No,No,Yes,Yes,Yes,Yes,No,No,31-40
31.0,male,No,Yes,Yes,Often,26-100,No,Yes,No,Yes,No,No,No,Somewhat difficult,Yes,Yes,Some of them,No,Maybe,Maybe,No,Yes,31-40
31.0,male,No,No,No,Never,100-500,Yes,Yes,Yes,No,Don't know,Don't know,Don't know,Don't know,No,No,Some of them,Yes,Yes,Yes,Don't know,No,31-40
33.0,male,No,Yes,No,Sometimes,6-25,No,Yes,Yes,Not sure,No,Don't know,Don't know,Don't know,No,No,Yes,Yes,No,Maybe,Don't know,No,31-40
35.0,female,No,Yes,Yes,Sometimes,1-5,Yes,Yes,No,No,No,No,No,Somewhat difficult,Maybe,Maybe,Some of them,No,No,No,Don't know,No,31-40
39.0,male,No,No,No,Never,1-5,Yes,Yes,No,Yes,No,No,Yes,Don't know,No,No,No,No,No,No,No,No,31-40
42.0,female,No,Yes,Yes,Sometimes,100-500,No,Yes,Yes,Yes,No,No,No,Very difficult,Maybe,No,Yes,Yes,No,Maybe,No,No,41-65
23.0,male,No,No,No,Never,26-100,No,Yes,Don't know,No,Don't know,Don't know,Don't know,Don't know,No,No,Yes,Yes,Maybe,Maybe,Yes,No,21-30
31.0,male,No,No,Yes,Sometimes,6-25,Yes,Yes,Don't know,No,No,No,Don't know,Don't know,No,No,Some of them,Yes,No,No,Don't know,No,31-40
29.0,male,No,No,No,Never,100-500,Yes,Yes,Don't know,Not sure,No,No,Don't know,Don't know,No,No,Yes,Yes,Yes,Yes,Don't know,No,21-30
36.0,male,No,Yes,No,Never,500-1000,No,Yes,Don't know,Not sure,No,Don't know,Don't know,Don't know,No,No,Yes,Yes,No,No,Don't know,No,31-40
27.0,male,No,No,No,Never,6-25,No,Yes,Don't know,Not sure,Don't know,Don't know,Don't know,Somewhat easy,No,No,Some of them,Some of them,Maybe,Yes,Yes,No,21-30
29.0,female,No,Yes,Yes,Rarely,26-100,No,Yes,Yes,Not sure,No,No,Don't know,Somewhat easy,No,No,Yes,Some of them,Maybe,Maybe,Don't know,No,21-30
23.0,male,No,No,Yes,Sometimes,26-100,Yes,Yes,Don't know,No,Don't know,Don't know,Don't know,Very easy,Maybe,No,Some of them,No,Maybe,Maybe,No,No,21-30
32.0,male,No,No,Yes,Sometimes,6-25,No,Yes,Yes,Yes,No,Don't know,Don't know,Don't know,Maybe,No,Some of them,Yes,No,No,No,No,31-40
46.0,male,Yes,Yes,No,Sometimes,1-5,Yes,Yes,Yes,Not sure,Yes,Don't know,Yes,Very easy,No,No,Yes,Yes,No,Yes,Yes,Yes,41-65
36.0,male,Yes,Yes,No,no issue,6-25,Yes,Yes,No,No,Yes,No,Yes,Somewhat easy,No,No,Some of them,Some of them,Maybe,Maybe,Don't know,No,31-40
29.0,male,No,Yes,Yes,Sometimes,100-500,No,Yes,Yes,Yes,No,No,No,Somewhat difficult,Maybe,No,Some of them,Some of them,No,No,No,No,21-30
31.0,male,Yes,No,No,Never,1-5,Yes,Yes,No,No,No,No,Yes,Somewhat difficult,No,No,Some of them,Some of them,No,Maybe,Yes,No,31-40
46.0,male,No,No,Yes,Often,26-100,Yes,Yes,Yes,Yes,No,No,Don't know,Don't know,Maybe,No,Some of them,Yes,No,Maybe,No,No,41-65
33.0,male,No,Yes,Yes,Rarely,26-100,No,Yes,Yes,Not sure,Don't know,Yes,Yes,Don't know,No,No,Yes,Yes,No,Yes,Don't know,No,31-40
33.0,male,No,No,No,no issue,1-5,No,Yes,Don't know,Not sure,No,Don't know,Don't know,Don't know,Maybe,Maybe,Some of them,No,No,No,Don't know,No,31-40
35.0,female,No,Yes,Yes,Rarely,6-25,Yes,Yes,Yes,Yes,Don't know,Don't know,Don't know,Don't know,No,No,Yes,Yes,Maybe,Maybe,Yes,No,31-40
34.0,male,No,No,Yes,Sometimes,26-100,Yes,Yes,Don't know,Not sure,No,Don't know,Don't know,Somewhat difficult,No,No,Some of them,No,No,No,No,No,31-40
37.0,male,No,No,No,Sometimes,6-25,No,Yes,No,No,No,No,Don't know,Very difficult,Yes,Maybe,Some of them,No,No,Maybe,No,No,31-40
32.0,male,No,No,No,Never,6-25,Yes,Yes,No,No,No,No,Don't know,Don't know,Yes,Yes,Some of them,Some of them,No,Maybe,No,No,31-40
31.0,male,Yes,Yes,No,Rarely,1-5,Yes,Yes,No,Yes,No,No,Don't know,Somewhat difficult,Yes,No,No,No,No,No,No,Yes,31-40
30.0,male,No,Yes,Yes,Sometimes,500-1000,Yes,Yes,Don't know,No,No,No,Yes,Somewhat easy,Maybe,No,Some of them,Yes,No,Yes,Don't know,No,21-30
42.0,male,No,Yes,Yes,Sometimes,26-100,Yes,Yes,Yes,Yes,Yes,Yes,Yes,Very easy,Maybe,No,Some of them,Some of them,Maybe,Yes,Don't know,No,41-65
40.0,female,No,No,Yes,Sometimes,1-5,No,Yes,Yes,Yes,No,No,Don't know,Don't know,Maybe,No,Some of them,No,No,Maybe,Yes,No,31-40
27.0,male,No,No,Yes,Rarely,6-25,No,Yes,No,Yes,No,No,Don't know,Very easy,No,No,Yes,Yes,Maybe,Maybe,Don't know,No,21-30
29.0,male,No,No,No,Rarely,1-5,No,Yes,No,No,No,No,Don't know,Very easy,Yes,Maybe,Some of them,No,No,No,Don't know,No,21-30
38.0,male,No,No,No,no issue,100-500,No,Yes,No,Yes,No,No,Don't know,Somewhat easy,Maybe,No,Some of them,Some of them,No,Maybe,No,No,31-40
50.0,male,No,No,No,no issue,100-500,No,Yes,Yes,Yes,No,Don't know,Don't know,Don't know,No,No,Some of them,Yes,No,Maybe,Don't know,No,41-65
35.0,male,No,No,Yes,Rarely,More than 1000,Yes,Yes,Yes,Yes,No,Yes,Yes,Very easy,No,No,Yes,Yes,Maybe,Maybe,Yes,No,31-40
24.0,male,No,No,Yes,Sometimes,6-25,No,Yes,No,No,No,No,Don't know,Don't know,Maybe,Maybe,Some of them,No,No,Yes,No,Yes,21-30
35.0,male,No,No,No,no issue,More than 1000,Yes,Yes,Yes,Not sure,Don't know,Yes,Don't know,Somewhat difficult,Yes,Yes,Some of them,No,No,Maybe,Don't know,No,31-40
27.0,male,No,Yes,Yes,Sometimes,1-5,No,Yes,No,Yes,No,No,Yes,Very difficult,Maybe,No,Some of them,No,No,No,Yes,No,21-30
18.0,male,No,No,No,Often,6-25,No,Yes,No,Not sure,No,No,Don't know,Somewhat difficult,Yes,Maybe,No,Some of them,No,No,No,No,15-20
30.0,male,No,No,Yes,Sometimes,26-100,No,Yes,Don't know,No,No,No,Don't know,Don't know,No,No,No,No,No,Maybe,Don't know,No,21-30
38.0,female,No,Yes,Yes,Sometimes,26-100,No,Yes,Yes,Yes,No,Yes,Yes,Somewhat easy,No,No,Some of them,Yes,No,No,Yes,No,31-40
28.0,male,No,No,No,no issue,26-100,No,Yes,Don't know,Not sure,No,No,Don't know,Don't know,No,Maybe,Some of them,Yes,Maybe,Yes,Don't know,No,21-30
34.0,male,No,No,No,no issue,6-25,No,Yes,No,No,No,No,Don't know,Don't know,No,No,Yes,Yes,Maybe,Yes,Don't know,No,31-40
26.0,male,Yes,No,No,Sometimes,1-5,No,Yes,No,Yes,Yes,No,Don't know,Don't know,No,No,Yes,Yes,No,No,Yes,No,21-30
30.0,male,No,Yes,Yes,Rarely,26-100,No,Yes,Yes,No,No,Don't know,Don't know,Don't know,Maybe,No,Some of them,Yes,No,No,Don't know,No,21-30
22.0,male,No,Yes,Yes,Often,6-25,No,Yes,No,Yes,No,No,Yes,Very difficult,Maybe,No,No,No,No,Maybe,Don't know,No,21-30
33.0,male,No,No,No,no issue,100-500,Yes,Yes,Don't know,Not sure,Don't know,Don't know,Don't know,Don't know,No,No,Some of them,Yes,Maybe,Maybe,Don't know,No,31-40
31.0,male,No,No,No,no issue,100-500,Yes,Yes,Don't know,No,Don't know,Don't know,Don't know,Don't know,Maybe,Maybe,Some of them,Some of them,Maybe,Maybe,Don't know,No,31-40
32.0,male,No,No,No,Never,1-5,Yes,Yes,Don't know,Not sure,No,No,Don't know,Don't know,Maybe,No,Some of them,Yes,No,No,Don't know,No,31-40
28.0,male,No,No,No,no issue,100-500,No,Yes,No,No,No,No,Don't know,Don't know,No,No,No,No,No,Maybe,Don't know,No,21-30
27.0,others,No,Yes,Yes,Rarely,26-100,No,Yes,Yes,Yes,No,No,Yes,Don't know,Maybe,No,No,No,No,No,Don't know,No,21-30
32.0,male,No,Yes,No,no issue,6-25,Yes,Yes,Don't know,No,No,No,Don't know,Somewhat easy,No,No,Yes,Yes,No,No,Yes,No,31-40
24.0,male,No,Yes,Yes,Sometimes,26-100,Yes,Yes,Don't know,No,No,No,Don't know,Don't know,No,Maybe,Some of them,Yes,Yes,Yes,No,No,21-30
33.0,male,No,Yes,Yes,Often,6-25,Yes,Yes,Don't know,No,No,No,No,Somewhat difficult,Yes,No,No,No,No,Maybe,Don't know,No,31-40
26.0,female,No,No,Yes,Sometimes,26-100,Yes,Yes,Don't know,Not sure,Yes,Yes,Yes,Very easy,No,No,Yes,Yes,Maybe,Yes,Yes,No,21-30
27.0,male,No,No,No,Never,100-500,No,Yes,Yes,Not sure,No,Yes,Don't know,Somewhat easy,No,No,Yes,Yes,Maybe,Maybe,Yes,No,21-30
26.0,male,No,No,No,no issue,26-100,No,Yes,No,No,No,No,Don't know,Very easy,Yes,No,No,No,No,No,No,Yes,21-30
35.0,male,No,No,No,Sometimes,6-25,No,Yes,Don't know,No,No,No,Don't know,Somewhat easy,No,No,Some of them,Yes,No,Maybe,Don't know,No,31-40
40.0,male,No,Yes,No,Sometimes,More than 1000,Yes,Yes,Yes,Yes,Yes,Yes,Don't know,Don't know,Yes,Maybe,Some of them,No,No,No,No,Yes,31-40
23.0,female,No,Yes,Yes,Often,1-5,Yes,Yes,No,Not sure,No,No,Don't know,Very easy,No,No,Some of them,Yes,No,Maybe,Yes,No,21-30
36.0,male,No,No,No,Sometimes,100-500,Yes,Yes,Yes,No,Don't know,Yes,Don't know,Don't know,Maybe,No,Some of them,Some of them,Maybe,Yes,Yes,No,31-40
34.0,male,Yes,No,No,Rarely,1-5,Yes,Yes,No,No,No,No,Don't know,Don't know,Maybe,No,Some of them,No,No,No,Don't know,No,31-40
28.0,male,No,No,No,Never,26-100,No,Yes,No,No,No,No,Don't know,Don't know,Maybe,No,Some of them,Some of them,No,No,Don't know,No,21-30
34.0,male,No,No,No,Never,6-25,No,Yes,Don't know,Not sure,Don't know,Don't know,Don't know,Somewhat easy,No,No,Some of them,Yes,No,No,Don't know,No,31-40
23.0,others,No,No,No,Rarely,More than 1000,No,Yes,Yes,Yes,No,No,Yes,Somewhat difficult,Maybe,No,Yes,Yes,No,No,No,No,21-30
38.0,male,No,No,No,no issue,26-100,No,Yes,No,No,No,Don't know,Yes,Somewhat easy,No,No,Some of them,Yes,Maybe,Yes,Yes,No,31-40
33.0,male,No,No,No,Never,More than 1000,No,Yes,Don't know,Not sure,Yes,Don't know,Don't know,Don't know,Maybe,No,Some of them,Some of them,No,Maybe,Yes,No,31-40
19.0,male,No,No,No,no issue,1-5,No,Yes,No,Yes,No,No,No,Somewhat difficult,Yes,No,No,No,No,Maybe,No,No,15-20
25.0,male,No,No,No,no issue,More than 1000,Yes,Yes,Yes,Yes,Yes,Yes,Don't know,Don't know,No,No,Yes,Yes,Maybe,Yes,Yes,No,21-30
31.0,male,Yes,Yes,No,Sometimes,1-5,Yes,Yes,No,No,No,No,Yes,Somewhat difficult,No,No,Yes,Yes,Maybe,Maybe,Yes,No,31-40
32.0,male,No,Yes,Yes,Sometimes,26-100,Yes,Yes,No,No,No,No,Don't know,Somewhat difficult,Yes,No,Some of them,No,No,Yes,No,No,31-40
28.0,male,No,No,No,Never,6-25,Yes,Yes,Don't know,No,Don't know,Don't know,Don't know,Very easy,No,No,Some of them,Some of them,Maybe,Yes,Yes,No,21-30
38.0,male,No,Yes,No,Sometimes,100-500,Yes,Yes,Yes,Yes,No,Yes,Don't know,Don't know,No,No,Yes,Some of them,Maybe,Maybe,Yes,No,31-40
23.0,male,No,No,No,Never,26-100,No,Yes,Yes,Not sure,Yes,Don't know,Don't know,Very easy,No,No,Some of them,Yes,Maybe,Maybe,Yes,No,21-30
27.0,others,Yes,No,Yes,Often,1-5,Yes,Yes,Yes,Yes,Yes,Yes,Yes,Very easy,Maybe,Maybe,Some of them,Yes,No,Maybe,Yes,No,21-30
33.0,male,No,Yes,No,Never,More than 1000,No,Yes,No,No,No,No,Don't know,Don't know,Yes,No,No,No,No,Maybe,No,No,31-40
31.0,male,No,No,No,no issue,26-100,No,Yes,Don't know,Not sure,No,No,Don't know,Don't know,No,No,Some of them,Yes,Maybe,Maybe,No,No,31-40
39.0,male,Yes,No,Yes,Often,6-25,No,Yes,No,No,No,No,Don't know,Very difficult,Maybe,No,Some of them,No,No,Maybe,No,Yes,31-40
34.0,female,No,Yes,Yes,Rarely,500-1000,Yes,Yes,Yes,Not sure,No,Don't know,Don't know,Don't know,Yes,Maybe,Some of them,Some of them,No,No,Don't know,No,31-40
29.0,female,No,No,Yes,Sometimes,26-100,No,Yes,Yes,Yes,No,No,Don't know,Don't know,Maybe,No,Some of them,Some of them,No,Maybe,No,Yes,21-30
32.0,male,No,No,No,no issue,500-1000,No,Yes,Don't know,No,No,Don't know,Don't know,Don't know,No,No,Some of them,Some of them,No,No,Don't know,No,31-40
31.0,male,No,No,No,Never,500-1000,No,Yes,Yes,Yes,Yes,Yes,Yes,Somewhat easy,No,No,Some of them,Yes,No,No,Yes,No,31-40
40.0,male,No,No,Yes,Sometimes,26-100,No,Yes,No,Yes,No,No,Yes,Very difficult,No,No,Yes,Yes,Yes,Yes,No,No,31-40
34.0,male,No,No,No,no issue,26-100,No,Yes,Don't know,No,No,No,Don't know,Somewhat easy,Maybe,No,Some of them,No,No,Maybe,Don't know,No,31-40
18.0,others,No,No,No,no issue,26-100,Yes,Yes,Yes,Yes,No,No,Yes,Somewhat easy,No,No,Yes,Yes,Yes,Yes,Don't know,No,15-20
25.0,female,No,No,Yes,Sometimes,26-100,No,Yes,Yes,Yes,No,Don't know,Don't know,Don't know,Maybe,No,Some of them,Yes,No,Maybe,Don't know,No,21-30
29.0,male,No,No,No,Never,26-100,No,Yes,Don't know,No,No,Don't know,Don't know,Don't know,No,No,Yes,Yes,Maybe,Maybe,No,No,21-30
24.0,male,No,Yes,No,Rarely,26-100,No,Yes,Don't know,Not sure,No,Don't know,Don't know,Somewhat easy,Maybe,Maybe,Some of them,No,No,Maybe,Don't know,No,21-30
31.0,male,No,Yes,Yes,Sometimes,6-25,No,Yes,Don't know,No,No,No,Don't know,Don't know,No,No,Some of them,Yes,Maybe,Yes,No,No,31-40
33.0,others,No,No,Yes,Sometimes,6-25,No,Yes,No,Yes,No,No,Don't know,Somewhat easy,Maybe,No,Some of them,No,No,Maybe,No,No,31-40
30.0,male,No,No,Yes,Often,1-5,No,Yes,No,Yes,No,No,Yes,Somewhat easy,No,No,Yes,Yes,Maybe,Maybe,Yes,No,21-30
44.0,female,No,No,No,Never,100-500,No,Yes,Yes,Not sure,Don't know,Don't know,Don't know,Don't know,Maybe,Maybe,No,Some of them,No,No,Don't know,No,41-65
25.0,male,No,Yes,No,no issue,26-100,No,Yes,Don't know,No,Don't know,Don't know,Don't know,Very easy,No,No,Some of them,Yes,No,No,Don't know,No,21-30
33.0,male,No,Yes,Yes,Sometimes,26-100,Yes,Yes,Yes,Yes,Yes,Yes,Yes,Somewhat easy,No,No,Some of them,Yes,Maybe,Maybe,Yes,No,31-40
29.0,male,No,No,No,Never,More than 1000,No,Yes,Yes,Not sure,Yes,Don't know,Don't know,Somewhat easy,No,No,Some of them,Yes,No,No,Don't know,No,21-30
35.0,male,No,Yes,No,Rarely,6-25,No,Yes,Yes,Not sure,No,No,Yes,Somewhat easy,No,No,Some of them,Yes,No,No,Don't know,No,31-40
35.0,male,No,Yes,Yes,Sometimes,26-100,Yes,Yes,Don't know,Not sure,No,No,Don't know,Somewhat easy,No,No,Some of them,Yes,No,Maybe,No,No,31-40
28.0,male,No,Yes,Yes,Rarely,6-25,No,Yes,No,No,No,No,No,Don't know,Maybe,No,Yes,Yes,No,No,Don't know,Yes,21-30
34.0,male,No,Yes,No,Never,6-25,Yes,Yes,Yes,No,No,No,Don't know,Don't know,Maybe,No,No,No,No,No,Don't know,No,31-40
32.0,male,No,No,Yes,Sometimes,26-100,No,Yes,Yes,No,Yes,Yes,Yes,Somewhat difficult,Maybe,No,Some of them,Yes,No,Maybe,Yes,No,31-40
22.0,male,No,No,Yes,Sometimes,500-1000,No,Yes,Yes,Yes,No,Don't know,Yes,Don't know,Yes,No,No,No,No,Yes,No,No,21-30
28.0,male,No,No,Yes,Sometimes,26-100,No,Yes,Yes,Yes,Yes,Yes,Yes,Somewhat easy,No,No,Some of them,Some of them,No,Maybe,Yes,No,21-30
45.0,male,No,Yes,Yes,Rarely,6-25,Yes,Yes,Yes,Yes,No,Yes,Yes,Very easy,No,No,Yes,Yes,Yes,Yes,Yes,No,41-65
32.0,male,No,No,No,Never,100-500,No,Yes,Yes,Yes,No,Don't know,Don't know,Don't know,Maybe,No,Some of them,Some of them,No,No,Don't know,No,31-40
28.0,male,No,No,No,no issue,More than 1000,No,Yes,Don't know,No,No,Don't know,Don't know,Don't know,Maybe,No,Some of them,No,No,Maybe,Don't know,No,21-30
26.0,male,No,No,No,Never,6-25,No,Yes,Don't know,No,No,Don't know,Don't know,Very easy,No,No,Some of them,Some of them,No,No,Don't know,Yes,21-30
18.0,male,No,No,Yes,Rarely,1-5,Yes,Yes,No,No,No,No,Yes,Very easy,No,No,Some of them,No,No,No,Don't know,No,15-20
35.0,male,No,No,No,no issue,26-100,Yes,Yes,Don't know,Not sure,No,Don't know,Don't know,Don't know,No,No,Some of them,Yes,Maybe,Maybe,Don't know,No,31-40
29.0,male,No,No,No,Never,More than 1000,No,Yes,Yes,Yes,No,Yes,Don't know,Don't know,Yes,Yes,No,No,No,No,Don't know,No,21-30
25.0,male,No,No,No,no issue,26-100,Yes,Yes,Don't know,No,No,No,Don't know,Very easy,No,No,Some of them,Yes,No,No,Don't know,No,21-30
33.0,male,No,Yes,Yes,Sometimes,6-25,Yes,Yes,Don't know,No,Don't know,Don't know,Yes,Very easy,No,No,Yes,Yes,No,Maybe,Yes,No,31-40
36.0,male,No,No,No,Often,6-25,No,Yes,Yes,No,No,No,Yes,Don't know,Maybe,No,No,No,No,No,Don't know,No,31-40
27.0,male,No,Yes,No,Never,500-1000,No,Yes,Yes,No,Yes,Yes,Yes,Don't know,Yes,No,Some of them,No,No,Yes,Don't know,No,21-30
27.0,male,No,No,No,no issue,6-25,No,Yes,No,No,No,No,Don't know,Don't know,No,No,Some of them,Some of them,No,No,Don't know,No,21-30
32.0,male,No,No,Yes,Rarely,100-500,No,Yes,Yes,Yes,No,Yes,Yes,Don't know,Yes,No,No,Yes,No,No,Don't know,No,31-40
31.0,male,No,Yes,No,Sometimes,6-25,No,Yes,No,No,No,No,Don't know,Somewhat easy,Maybe,Maybe,No,No,No,No,Yes,No,31-40
19.0,male,No,No,Yes,Sometimes,6-25,No,Yes,Don't know,No,No,No,Don't know,Somewhat easy,Yes,Yes,Some of them,No,No,No,Don't know,No,15-20
33.0,male,No,Yes,Yes,Sometimes,More than 1000,No,Yes,Yes,Yes,No,No,Don't know,Very easy,Maybe,No,Yes,Some of them,No,Yes,No,No,31-40
32.0,male,No,No,No,Rarely,1-5,Yes,Yes,No,Yes,No,No,Don't know,Very difficult,Maybe,No,Yes,Some of them,No,Yes,Don't know,No,31-40
27.0,male,No,No,No,Never,26-100,No,Yes,Don't know,Not sure,Don't know,Don't know,Don't know,Don't know,No,No,Yes,Yes,Maybe,Maybe,Don't know,No,21-30
38.0,male,No,No,No,no issue,26-100,Yes,Yes,No,Yes,No,No,Yes,Somewhat easy,No,No,Yes,Yes,Maybe,Yes,No,No,31-40
24.0,male,No,No,Yes,Never,26-100,No,Yes,Don't know,No,No,No,Don't know,Don't know,No,No,Some of them,Yes,Maybe,Yes,Don't know,No,21-30
28.0,male,No,No,No,Never,6-25,No,Yes,Don't know,No,No,No,Yes,Very easy,No,No,Some of them,Yes,Maybe,Maybe,Yes,No,21-30
39.0,male,No,No,Yes,Often,More than 1000,No,Yes,Yes,Not sure,No,No,Don't know,Somewhat easy,No,No,Yes,Yes,No,No,Don't know,No,31-40
29.0,female,No,No,No,no issue,6-25,No,Yes,Don't know,No,No,Don't know,Don't know,Somewhat easy,Maybe,No,Some of them,No,No,No,Don't know,No,21-30
22.0,male,No,No,No,no issue,6-25,Yes,Yes,Don't know,No,Don't know,No,Don't know,Somewhat easy,No,No,Some of them,Some of them,No,No,Don't know,No,21-30
38.0,male,No,Yes,Yes,Sometimes,100-500,No,Yes,Don't know,No,Don't know,Don't know,Don't know,Don't know,Maybe,No,Some of them,Yes,No,No,Don't know,No,31-40
30.0,female,No,Yes,No,no issue,More than 1000,Yes,Yes,Don't know,Not sure,No,Don't know,Don't know,Don't know,Maybe,Maybe,Some of them,Some of them,No,Maybe,Don't know,No,21-30
24.0,male,No,No,No,Never,6-25,No,Yes,No,No,No,No,Yes,Don't know,Maybe,Maybe,No,Some of them,No,No,Don't know,No,21-30
30.0,male,No,No,Yes,Rarely,100-500,No,Yes,No,Yes,Yes,Yes,Don't know,Somewhat easy,Yes,No,Some of them,No,No,No,No,Yes,21-30
29.0,female,No,No,No,no issue,100-500,Yes,Yes,Don't know,Not sure,No,Don't know,Don't know,Don't know,Maybe,No,No,Some of them,No,Maybe,Don't know,No,21-30
19.0,male,Yes,Yes,No,no issue,1-5,Yes,Yes,Don't know,Not sure,No,Yes,Yes,Somewhat easy,Maybe,No,Some of them,Some of them,Maybe,Maybe,Don't know,No,15-20
32.0,male,No,Yes,No,Never,26-100,No,Yes,Don't know,Not sure,No,No,Don't know,Very easy,No,No,Some of them,Some of them,No,Maybe,No,No,31-40
28.0,male,No,No,No,Rarely,6-25,Yes,Yes,No,No,No,No,Don't know,Don't know,No,No,Yes,Yes,Maybe,Yes,Yes,No,21-30
36.0,male,No,No,No,Never,6-25,No,Yes,Don't know,Not sure,Don't know,Don't know,Don't know,Don't know,No,No,Some of them,Some of them,Maybe,Maybe,Don't know,No,31-40
27.0,male,No,Yes,Yes,Sometimes,More than 1000,No,Yes,Don't know,No,No,Don't know,Don't know,Don't know,No,No,No,Some of them,No,Maybe,Don't know,No,21-30
27.0,male,No,No,Yes,Rarely,26-100,Yes,Yes,No,Yes,No,No,Don't know,Somewhat difficult,Maybe,No,Some of them,Yes,No,No,Don't know,Yes,21-30
25.0,male,No,Yes,Yes,Sometimes,26-100,No,Yes,Don't know,Not sure,No,No,Don't know,Very easy,Maybe,No,Some of them,No,No,No,Don't know,Yes,21-30
25.0,female,No,Yes,Yes,Sometimes,500-1000,No,Yes,Yes,No,No,No,Don't know,Don't know,Yes,Yes,Some of them,Some of them,No,No,Don't know,No,21-30
31.0,male,No,No,No,Never,More than 1000,No,Yes,Yes,No,No,Yes,Don't know,Don't know,No,No,Some of them,Some of them,No,No,Don't know,No,31-40
26.0,male,No,Yes,No,Rarely,6-25,No,Yes,Don't know,No,No,No,Don't know,Don't know,Maybe,No,Some of them,Yes,No,No,Don't know,No,21-30
33.0,female,Yes,Yes,Yes,Sometimes,1-5,No,Yes,No,Yes,Yes,Yes,Yes,Very difficult,No,No,Some of them,Yes,No,Yes,Yes,No,31-40
27.0,female,Yes,Yes,No,no issue,1-5,Yes,Yes,No,Yes,No,No,Yes,Somewhat easy,No,No,Yes,Yes,No,Maybe,Yes,No,21-30
34.0,male,No,No,No,Never,26-100,No,Yes,No,No,No,No,Don't know,Very easy,Maybe,No,Some of them,Some of them,No,Maybe,Don't know,No,31-40
42.0,male,No,No,No,no issue,6-25,No,Yes,No,Yes,No,No,Don't know,Very difficult,Maybe,No,Yes,Yes,No,Maybe,No,No,41-65
23.0,male,Yes,Yes,No,Sometimes,1-5,No,Yes,No,No,No,No,Don't know,Very difficult,Yes,No,No,No,No,Maybe,No,No,21-30
24.0,male,No,No,No,Rarely,100-500,No,Yes,Don't know,Not sure,Yes,Don't know,Don't know,Very easy,Maybe,Maybe,Some of them,Some of them,No,Maybe,Don't know,No,21-30
26.0,male,No,No,Yes,Sometimes,More than 1000,No,Yes,Yes,Yes,Don't know,Don't know,Yes,Somewhat easy,No,No,Yes,Yes,No,No,Don't know,No,21-30
31.0,male,Yes,No,Yes,Often,6-25,No,Yes,Don't know,No,No,No,Don't know,Don't know,Maybe,No,Some of them,Yes,No,Maybe,Don't know,No,31-40
22.0,male,No,No,Yes,Never,More than 1000,No,Yes,Don't know,Not sure,No,No,Don't know,Very difficult,Yes,Maybe,No,No,Maybe,Maybe,No,No,21-30
23.0,female,No,No,No,no issue,6-25,No,Yes,Don't know,No,No,Don't know,Don't know,Don't know,Maybe,Maybe,Some of them,Yes,No,Maybe,Yes,No,21-30
31.0,male,No,No,No,Never,26-100,No,Yes,Don't know,Not sure,No,Don't know,Don't know,Don't know,Maybe,No,No,Some of them,No,Maybe,Don't know,No,31-40
32.0,female,No,No,Yes,Often,6-25,Yes,Yes,Yes,Not sure,Don't know,Don't know,Yes,Very easy,No,No,Yes,Yes,No,No,Yes,Yes,31-40
45.0,female,No,No,Yes,Sometimes,1-5,No,Yes,Yes,No,No,No,Yes,Somewhat difficult,No,No,Yes,Yes,No,No,Yes,No,41-65
33.0,male,No,No,No,no issue,6-25,Yes,Yes,Don't know,No,No,No,Don't know,Very easy,No,No,Yes,Yes,No,Maybe,Don't know,No,31-40
29.0,male,No,No,No,Never,6-25,Yes,Yes,No,No,No,No,No,Don't know,Maybe,Maybe,No,Yes,Maybe,Yes,No,No,21-30
28.0,female,No,No,No,Never,26-100,No,Yes,Don't know,No,No,Don't know,Yes,Somewhat easy,No,No,Yes,Yes,Maybe,Maybe,Don't know,No,21-30
45.0,male,No,No,Yes,Sometimes,More than 1000,No,Yes,Don't know,Not sure,Don't know,Don't know,Don't know,Don't know,Yes,Yes,Some of them,Some of them,No,No,Don't know,No,41-65
43.0,male,No,Yes,Yes,Often,More than 1000,Yes,Yes,Yes,Not sure,No,Don't know,Don't know,Very difficult,Yes,Maybe,No,No,No,No,No,No,41-65
37.0,male,No,No,No,no issue,500-1000,Yes,Yes,Yes,No,No,No,Don't know,Don't know,Yes,No,Some of them,No,Maybe,Yes,No,No,31-40
24.0,male,No,No,No,Sometimes,6-25,No,Yes,Don't know,No,No,Don't know,Don't know,Somewhat easy,Maybe,No,Some of them,Yes,Maybe,Yes,Yes,No,21-30
26.0,male,No,No,No,no issue,6-25,Yes,Yes,No,Yes,No,No,Don't know,Somewhat easy,No,No,Some of them,No,No,Maybe,Yes,No,21-30
23.0,male,No,Yes,No,no issue,1-5,Yes,Yes,Don't know,No,No,No,Don't know,Don't know,No,No,Some of them,Yes,Maybe,Yes,Don't know,No,21-30
35.0,female,No,Yes,Yes,Never,More than 1000,No,Yes,Yes,Not sure,Don't know,No,Yes,Somewhat easy,Maybe,No,No,No,No,No,Don't know,No,31-40
38.0,female,Yes,Yes,Yes,Often,1-5,Yes,Yes,No,Yes,No,No,Yes,Somewhat easy,Maybe,Maybe,Some of them,Some of them,No,Maybe,Don't know,Yes,31-40
28.0,male,No,Yes,Yes,Sometimes,26-100,No,Yes,Yes,No,No,No,Don't know,Somewhat easy,Maybe,Maybe,Some of them,No,No,Maybe,No,No,21-30
28.0,male,No,No,No,Sometimes,26-100,No,Yes,No,No,No,No,Don't know,Don't know,Yes,Maybe,No,No,No,Maybe,Don't know,No,21-30
35.0,male,No,No,Yes,Rarely,6-25,No,Yes,No,No,No,No,Yes,Don't know,No,No,Some of them,Yes,No,No,Don't know,No,31-40
32.0,female,No,No,No,Sometimes,100-500,No,Yes,No,No,No,No,Don't know,Very difficult,Yes,Yes,Some of them,No,No,No,No,Yes,31-40
31.0,male,Yes,Yes,No,Never,6-25,No,Yes,No,No,No,No,Don't know,Somewhat easy,Maybe,Maybe,Some of them,Some of them,No,Maybe,Don't know,No,31-40
35.0,female,No,No,No,Never,500-1000,Yes,Yes,Don't know,Not sure,No,No,Don't know,Don't know,Maybe,Maybe,Some of them,No,No,No,Don't know,No,31-40
26.0,male,No,No,No,Rarely,More than 1000,No,Yes,Yes,No,No,No,Yes,Somewhat easy,No,No,Some of them,Yes,No,Maybe,No,No,21-30
27.0,male,No,Yes,No,no issue,6-25,Yes,Yes,Yes,Yes,No,No,Don't know,Somewhat easy,Maybe,Maybe,Some of them,Some of them,No,Maybe,Yes,No,21-30
28.0,male,No,Yes,Yes,Sometimes,More than 1000,No,Yes,Don't know,No,No,No,Don't know,Don't know,Maybe,Maybe,Some of them,No,No,Maybe,Don't know,No,21-30
27.0,female,No,Yes,Yes,Sometimes,26-100,No,Yes,Yes,No,No,No,Don't know,Very easy,No,No,Some of them,Some of them,No,No,Yes,No,21-30
41.0,male,No,No,Yes,Often,6-25,Yes,Yes,No,Not sure,No,No,Don't know,Very difficult,Maybe,Maybe,Some of them,Some of them,Maybe,Maybe,Don't know,No,41-65
37.0,male,No,No,No,Sometimes,1-5,No,Yes,No,Yes,No,No,Don't know,Very difficult,Yes,No,No,No,No,Yes,Don't know,No,31-40
34.0,male,No,Yes,No,no issue,100-500,Yes,Yes,Don't know,No,Don't know,Don't know,Don't know,Very easy,No,No,Yes,Yes,No,No,Yes,No,31-40
32.0,male,No,Yes,Yes,Sometimes,100-500,Yes,Yes,Don't know,Not sure,No,No,Don't know,Somewhat difficult,Yes,Maybe,No,No,No,No,No,Yes,31-40
21.0,male,No,No,Yes,Sometimes,6-25,Yes,Yes,No,Yes,No,No,Don't know,Somewhat difficult,No,No,Some of them,Some of them,Maybe,Maybe,Yes,No,21-30
30.0,male,No,No,Yes,Often,26-100,No,Yes,No,Yes,No,No,Yes,Somewhat easy,Maybe,No,Yes,Yes,No,Maybe,Don't know,No,21-30
24.0,male,No,No,No,Never,26-100,No,Yes,Don't know,Not sure,No,Don't know,Don't know,Don't know,No,No,Some of them,Yes,No,No,Don't know,No,21-30
26.0,male,No,No,No,no issue,100-500,No,Yes,No,No,No,No,No,Very easy,Yes,Maybe,No,No,No,Maybe,Don't know,No,21-30
40.0,female,No,No,No,no issue,26-100,No,Yes,Yes,Yes,Yes,Yes,Yes,Somewhat easy,No,No,Some of them,Yes,No,No,Yes,No,31-40
26.0,male,Yes,No,Yes,Often,1-5,Yes,Yes,No,No,No,No,Don't know,Don't know,Yes,No,No,No,No,Maybe,Don't know,No,21-30
32.0,female,No,Yes,Yes,Sometimes,6-25,No,Yes,Don't know,No,No,No,No,Don't know,Yes,Maybe,Some of them,Some of them,No,Maybe,No,Yes,31-40
27.0,female,Yes,Yes,Yes,Sometimes,1-5,Yes,Yes,No,No,Don't know,Don't know,Don't know,Very difficult,No,No,Some of them,No,No,No,Don't know,No,21-30
30.0,male,Yes,No,Yes,Often,6-25,Yes,Yes,Yes,Yes,No,No,Yes,Very difficult,No,No,Some of them,Yes,Maybe,Yes,Yes,No,21-30
31.0,male,Yes,No,No,no issue,6-25,No,Yes,Yes,Yes,No,Don't know,Yes,Very easy,No,No,Some of them,Some of them,No,No,Yes,No,31-40
41.0,others,No,No,No,no issue,26-100,No,Yes,Yes,Not sure,No,No,Don't know,Very easy,Yes,No,No,Some of them,No,No,Don't know,No,41-65
34.0,female,No,No,No,no issue,6-25,No,Yes,Yes,No,No,No,Don't know,Somewhat easy,No,No,Yes,Yes,Maybe,Maybe,Yes,No,31-40
33.0,male,No,No,No,no issue,26-100,No,Yes,Don't know,No,No,No,Don't know,Don't know,No,No,Yes,Yes,Yes,Yes,Don't know,No,31-40
28.0,male,No,No,No,Rarely,6-25,No,Yes,Don't know,No,No,No,Don't know,Don't know,No,No,Some of them,Some of them,No,Maybe,Don't know,No,21-30
28.0,male,No,No,Yes,Sometimes,More than 1000,No,Yes,No,Yes,No,No,Yes,Very difficult,Yes,No,No,Some of them,No,No,No,No,21-30
23.0,male,No,No,No,Never,26-100,No,Yes,Don't know,Not sure,Don't know,Don't know,Don't know,Don't know,No,No,No,Yes,No,Yes,Yes,No,21-30
24.0,male,No,No,No,no issue,1-5,No,Yes,Don't know,No,Don't know,No,Yes,Very easy,No,No,Yes,Yes,Maybe,Yes,Yes,No,21-30
32.0,male,No,No,No,Rarely,1-5,Yes,Yes,No,Yes,No,No,Don't know,Very difficult,No,No,Some of them,Yes,No,Maybe,Yes,No,31-40
34.0,male,Yes,No,No,Sometimes,1-5,Yes,Yes,Don't know,Not sure,Yes,Yes,Don't know,Somewhat difficult,Yes,Yes,No,No,No,Maybe,Yes,No,31-40
24.0,male,No,No,No,Never,6-25,No,Yes,Yes,Not sure,No,Don't know,Don't know,Very easy,Maybe,No,Some of them,No,Maybe,Maybe,Yes,No,21-30
26.0,male,Yes,No,Yes,Sometimes,1-5,No,Yes,No,Yes,No,No,Don't know,Don't know,Maybe,No,Some of them,Some of them,No,Maybe,Yes,No,21-30
36.0,male,No,No,Yes,Sometimes,26-100,No,Yes,Yes,No,No,Yes,Don't know,Don't know,Maybe,No,Some of them,Some of them,No,Maybe,Don't know,Yes,31-40
41.0,male,No,No,Yes,Rarely,500-1000,Yes,Yes,Yes,Yes,No,Don't know,Don't know,Don't know,Maybe,Maybe,Some of them,No,Maybe,Maybe,No,No,41-65
38.0,male,No,No,No,Sometimes,26-100,Yes,Yes,Don't know,Not sure,No,Don't know,Don't know,Don't know,Maybe,Maybe,Some of them,Yes,No,Maybe,No,No,31-40
30.0,male,No,No,No,no issue,26-100,No,Yes,Don't know,No,Don't know,Don't know,Yes,Somewhat easy,No,No,Some of them,Some of them,No,No,Yes,No,21-30
25.0,male,No,No,No,Never,26-100,No,Yes,No,No,No,No,Don't know,Somewhat difficult,Yes,Maybe,No,No,No,Maybe,No,No,21-30
37.0,male,No,Yes,Yes,Often,26-100,No,Yes,Yes,Yes,No,Don't know,Don't know,Don't know,Maybe,No,Some of them,Some of them,No,Yes,Don't know,No,31-40
34.0,male,No,Yes,No,no issue,6-25,No,Yes,No,No,No,No,Yes,Somewhat difficult,No,No,Some of them,Yes,No,Yes,No,Yes,31-40
22.0,male,No,No,No,no issue,6-25,No,Yes,Don't know,No,No,No,Don't know,Don't know,No,No,Some of them,Yes,Maybe,Maybe,No,No,21-30
34.0,male,No,Yes,Yes,Sometimes,1-5,No,Yes,No,No,No,No,Don't know,Somewhat difficult,Maybe,No,Some of them,Some of them,No,Maybe,No,Yes,31-40
33.0,male,No,Yes,Yes,Sometimes,26-100,No,Yes,Yes,Yes,Yes,Yes,Yes,Somewhat easy,No,No,Some of them,Yes,No,No,Don't know,No,31-40
25.0,male,No,No,No,no issue,6-25,No,Yes,No,No,No,No,Yes,Somewhat difficult,Maybe,No,Some of them,Yes,No,Yes,No,No,21-30
27.0,male,No,No,No,Never,More than 1000,Yes,Yes,Yes,Yes,Don't know,Don't know,Yes,Somewhat easy,No,No,Some of them,Yes,Maybe,Maybe,Yes,No,21-30
40.0,male,No,No,Yes,Sometimes,More than 1000,Yes,Yes,Yes,Yes,Yes,Yes,Yes,Don't know,Yes,Maybe,No,No,No,Maybe,No,Yes,31-40
32.0,male,No,Yes,Yes,Sometimes,1-5,Yes,Yes,No,No,No,No,Don't know,Don't know,Maybe,No,Yes,Yes,No,Yes,Don't know,No,31-40
28.0,male,No,Yes,No,no issue,100-500,No,Yes,Yes,No,No,Don't know,Yes,Somewhat easy,No,No,Some of them,Yes,No,Maybe,Yes,Yes,21-30
31.0,male,No,Yes,Yes,Rarely,100-500,Yes,Yes,Yes,Yes,Yes,Don't know,Yes,Very easy,No,No,Some of them,Yes,No,Maybe,Yes,No,31-40
24.0,male,No,No,No,Sometimes,6-25,No,Yes,Don't know,No,Don't know,Don't know,Don't know,Don't know,No,No,Yes,Yes,Maybe,Maybe,Don't know,No,21-30
29.0,male,No,No,No,Often,6-25,No,Yes,No,No,No,No,Don't know,Somewhat difficult,Yes,No,No,No,No,Maybe,Don't know,No,21-30
23.0,female,No,No,Yes,Sometimes,6-25,No,Yes,Don't know,Not sure,Don't know,Don't know,Don't know,Don't know,Maybe,Maybe,Some of them,Some of them,No,Maybe,Yes,No,21-30
42.0,male,No,No,No,Never,6-25,Yes,Yes,No,Yes,No,Yes,Don't know,Somewhat easy,No,No,Some of them,Yes,No,No,Yes,No,41-65
24.0,male,No,No,No,no issue,1-5,No,Yes,No,No,No,No,Don't know,Don't know,Yes,No,Some of them,Some of them,No,Yes,No,No,21-30
25.0,male,No,Yes,Yes,Often,6-25,No,Yes,No,Yes,No,No,No,Very difficult,Yes,Maybe,No,No,No,Yes,No,Yes,21-30
27.0,female,No,No,Yes,Rarely,6-25,No,Yes,Yes,No,No,No,Yes,Don't know,Maybe,Maybe,Yes,No,No,Maybe,Don't know,No,21-30
27.0,male,No,No,No,Sometimes,6-25,Yes,Yes,No,Yes,No,No,No,Very difficult,Yes,Yes,Some of them,Some of them,No,Maybe,No,No,21-30
30.0,male,No,No,Yes,Sometimes,100-500,Yes,Yes,Yes,Yes,No,Yes,Yes,Don't know,No,No,Yes,Yes,Maybe,No,Yes,No,21-30
29.0,male,No,Yes,Yes,Rarely,6-25,No,Yes,No,Yes,No,No,Yes,Very difficult,Maybe,No,Some of them,Some of them,No,Yes,No,No,21-30
43.0,male,Yes,No,No,no issue,6-25,Yes,Yes,No,Not sure,No,No,Don't know,Somewhat easy,Maybe,No,Yes,Yes,Yes,Yes,Don't know,No,41-65
32.0,male,No,No,No,no issue,6-25,No,Yes,No,Yes,No,Don't know,Don't know,Very easy,No,No,Some of them,Yes,No,Maybe,Don't know,No,31-40
41.0,male,No,No,Yes,Sometimes,26-100,Yes,Yes,Yes,Yes,Don't know,No,Don't know,Very easy,No,No,Yes,Yes,Yes,Yes,Yes,No,41-65
32.0,male,Yes,Yes,Yes,Sometimes,1-5,Yes,Yes,Don't know,Not sure,Don't know,Don't know,Don't know,Very easy,Maybe,Maybe,Yes,Some of them,Maybe,Maybe,Don't know,Yes,31-40
37.0,female,No,Yes,Yes,Often,26-100,No,Yes,Yes,Yes,No,No,Yes,Don't know,Maybe,No,Some of them,Some of them,No,Yes,Don't know,No,31-40
32.0,male,No,No,No,Never,6-25,Yes,Yes,No,No,No,No,Don't know,Very easy,No,No,Yes,Yes,No,No,Don't know,No,31-40
30.0,male,Yes,No,No,Sometimes,1-5,Yes,Yes,No,No,No,No,Don't know,Somewhat difficult,No,No,Some of them,Some of them,No,Maybe,No,No,21-30
30.0,male,No,No,No,no issue,More than 1000,No,Yes,Yes,Yes,Yes,Yes,Yes,Very easy,No,No,Some of them,Yes,No,No,Yes,No,21-30
34.0,male,No,No,No,Sometimes,26-100,No,Yes,No,Yes,No,No,Don't know,Somewhat easy,Maybe,Maybe,Yes,Some of them,No,No,Don't know,No,31-40
38.0,male,No,No,Yes,Rarely,26-100,Yes,Yes,Yes,No,No,No,Don't know,Don't know,Yes,No,No,No,No,Maybe,No,No,31-40
33.0,male,No,No,No,no issue,100-500,No,Yes,Yes,No,Yes,Yes,Yes,Don't know,No,No,Some of them,Yes,No,No,Don't know,No,31-40
28.0,male,No,No,No,Sometimes,6-25,No,Yes,No,Yes,No,No,Don't know,Somewhat easy,Maybe,Maybe,No,Some of them,No,No,Don't know,No,21-30
23.0,male,No,Yes,No,Sometimes,100-500,No,Yes,Don't know,No,No,Don't know,Don't know,Don't know,Maybe,No,Some of them,No,No,Maybe,No,No,21-30
22.0,male,Yes,Yes,Yes,Sometimes,6-25,Yes,Yes,Don't know,Not sure,Yes,Yes,Don't know,Somewhat easy,Maybe,No,Some of them,Yes,No,Yes,No,Yes,21-30
27.0,male,No,No,No,Never,6-25,No,Yes,No,No,No,No,Yes,Don't know,Yes,No,No,No,No,Maybe,Don't know,No,21-30
18.0,male,No,No,Yes,Sometimes,6-25,No,Yes,Don't know,No,No,Don't know,Don't know,Don't know,Yes,No,No,No,No,Maybe,Don't know,No,15-20
35.0,male,No,Yes,Yes,Sometimes,26-100,No,Yes,Yes,Yes,No,No,Yes,Somewhat difficult,Yes,No,No,Some of them,No,Maybe,Don't know,No,31-40
27.0,male,No,Yes,Yes,Sometimes,6-25,No,Yes,No,No,No,No,Yes,Somewhat easy,Maybe,Maybe,Yes,Yes,Yes,Yes,Yes,No,21-30
26.0,female,No,Yes,Yes,Rarely,More than 1000,No,Yes,Yes,Not sure,Don't know,Don't know,Don't know,Don't know,Maybe,No,Some of them,Some of them,No,No,Don't know,No,21-30
18.0,male,No,No,No,Never,26-100,No,Yes,Don't know,Not sure,Don't know,Don't know,Don't know,Very easy,No,No,Some of them,Some of them,No,Maybe,Yes,No,15-20
38.0,female,No,No,Yes,Sometimes,1-5,No,Yes,No,Yes,No,No,Don't know,Don't know,No,Maybe,Some of them,No,No,No,Don't know,Yes,31-40
26.0,female,No,Yes,Yes,Rarely,More than 1000,Yes,Yes,Yes,Yes,Yes,Don't know,Don't know,Somewhat easy,Maybe,No,Some of them,No,No,No,Don't know,No,21-30
30.0,male,Yes,No,No,Never,1-5,No,Yes,No,No,No,No,No,Somewhat easy,No,No,Yes,Yes,No,No,Yes,No,21-30
35.0,male,No,No,No,Never,More than 1000,No,Yes,Don't know,No,No,Don't know,Don't know,Don't know,Yes,Maybe,Some of them,Some of them,No,No,Don't know,No,31-40
45.0,male,No,Yes,Yes,Sometimes,More than 1000,No,Yes,Yes,Yes,Don't know,Don't know,Yes,Don't know,Maybe,No,Some of them,Some of them,No,Maybe,Don't know,No,41-65
32.0,male,No,No,No,Never,More than 1000,No,Yes,Yes,No,No,Don't know,Don't know,Don't know,Maybe,No,Some of them,Some of them,No,No,Don't know,No,31-40
56.0,male,No,No,Yes,Never,More than 1000,No,Yes,Yes,Not sure,Don't know,Don't know,Don't know,Don't know,No,Maybe,Yes,Some of them,No,Maybe,Don't know,No,41-65
24.0,female,No,No,No,no issue,500-1000,No,Yes,Don't know,Not sure,No,Don't know,Don't know,Don't know,Maybe,Maybe,Some of them,No,No,Maybe,No,No,21-30
30.0,female,No,Yes,Yes,Sometimes,26-100,No,Yes,Yes,Yes,Yes,Don't know,Don't know,Very easy,No,No,Yes,Yes,No,Yes,Yes,No,21-30
60.0,male,No,No,No,no issue,More than 1000,No,Yes,Yes,No,Don't know,Yes,Don't know,Don't know,No,No,Some of them,Yes,Maybe,Maybe,Yes,No,41-65
33.0,male,No,Yes,Yes,Sometimes,More than 1000,No,Yes,Yes,No,Yes,Yes,Don't know,Don't know,Yes,No,No,No,No,Maybe,Don't know,No,31-40
37.0,male,No,No,No,Never,More than 1000,No,Yes,Yes,Yes,Yes,Yes,Don't know,Don't know,No,No,Some of them,Yes,Maybe,Maybe,Don't know,No,31-40
23.0,female,No,No,Yes,Sometimes,More than 1000,No,Yes,Yes,Yes,Yes,Yes,Don't know,Don't know,No,No,Some of them,Some of them,No,No,Yes,No,21-30
31.0,female,No,No,Yes,Sometimes,More than 1000,No,Yes,Yes,Not sure,Don't know,Don't know,Yes,Somewhat easy,No,No,Yes,Yes,No,No,Yes,No,31-40
26.0,male,No,No,No,Rarely,100-500,No,Yes,Yes,Not sure,No,Don't know,Don't know,Don't know,No,No,Some of them,Yes,No,Maybe,Don't know,No,21-30
37.0,female,No,No,Yes,Rarely,More than 1000,No,Yes,Yes,Yes,Don't know,Yes,Don't know,Somewhat easy,No,No,Some of them,Yes,No,No,Yes,No,31-40
26.0,male,No,Yes,Yes,Often,6-25,No,Yes,Yes,No,No,Don't know,Don't know,Don't know,Maybe,No,Some of them,Some of them,Maybe,Maybe,Yes,No,21-30
30.0,others,No,Yes,Yes,Rarely,26-100,No,Yes,Yes,Not sure,No,No,Don't know,Somewhat easy,Maybe,No,Some of them,Yes,No,No,Don't know,No,21-30
26.0,male,No,No,No,no issue,26-100,No,Yes,No,No,No,No,Don't know,Don't know,No,No,Some of them,Some of them,No,No,Don't know,Yes,21-30
25.0,male,No,No,No,no issue,26-100,Yes,Yes,Don't know,Not sure,No,Don't know,Don't know,Don't know,No,No,Some of them,Yes,No,No,Don't know,No,21-30
27.0,male,No,No,No,Sometimes,100-500,No,Yes,Yes,Not sure,Yes,Yes,Don't know,Don't know,Maybe,No,Some of them,Yes,No,Maybe,Don't know,No,21-30
35.0,male,No,No,Yes,Rarely,100-500,No,Yes,Yes,Not sure,Don't know,Yes,Don't know,Don't know,No,No,Some of them,Yes,No,No,Don't know,No,31-40
36.0,male,Yes,No,Yes,Never,1-5,No,Yes,No,Yes,No,No,Don't know,Somewhat easy,Maybe,No,Some of them,Yes,No,No,Yes,No,31-40
26.0,male,No,Yes,Yes,Sometimes,More than 1000,No,Yes,Yes,Not sure,No,Don't know,Don't know,Don't know,Yes,No,No,No,No,No,No,No,21-30
27.0,male,No,Yes,No,no issue,More than 1000,No,Yes,Don't know,No,Don't know,Don't know,Don't know,Very easy,No,No,Yes,Yes,Maybe,Maybe,Yes,No,21-30
22.0,female,No,Yes,Yes,Often,More than 1000,No,Yes,Yes,Yes,Yes,Yes,Yes,Somewhat easy,Maybe,No,No,Some of them,No,No,Yes,Yes,21-30
29.0,male,No,No,No,no issue,26-100,No,Yes,No,Yes,No,No,Don't know,Somewhat easy,Maybe,Maybe,Some of them,Some of them,No,No,Don't know,No,21-30
41.0,male,No,Yes,Yes,Rarely,100-500,Yes,Yes,Yes,Yes,Don't know,Yes,Yes,Somewhat easy,No,No,Some of them,Yes,Maybe,Maybe,Yes,No,41-65
29.0,male,No,No,Yes,Sometimes,More than 1000,No,Yes,Yes,No,No,Don't know,Don't know,Don't know,Yes,No,Some of them,Some of them,No,Maybe,No,No,21-30
32.0,male,No,No,No,Never,500-1000,No,Yes,Yes,Not sure,Don't know,Yes,Yes,Somewhat easy,No,No,Some of them,Yes,Maybe,Maybe,Yes,No,31-40
24.0,female,No,Yes,Yes,Sometimes,More than 1000,No,Yes,Yes,Yes,No,Yes,Yes,Don't know,Maybe,No,Some of them,No,No,Maybe,Don't know,No,21-30
25.0,male,No,No,Yes,Rarely,6-25,No,Yes,Yes,No,Don't know,No,Don't know,Don't know,Maybe,No,No,No,No,No,Don't know,No,21-30
25.0,male,No,No,No,no issue,More than 1000,No,Yes,Don't know,Not sure,Don't know,Don't know,Don't know,Don't know,Maybe,No,No,No,No,Maybe,Don't know,No,21-30
30.0,female,No,No,No,Never,More than 1000,No,Yes,Yes,Yes,Yes,Yes,Yes,Somewhat easy,Maybe,Maybe,No,Some of them,No,No,Don't know,No,21-30
25.0,male,No,Yes,Yes,Sometimes,More than 1000,No,Yes,Don't know,Not sure,Don't know,Yes,Don't know,Don't know,No,No,Yes,Yes,No,No,Yes,No,21-30
30.0,male,Yes,No,No,Never,1-5,Yes,Yes,No,Yes,No,No,Don't know,Don't know,Maybe,No,Some of them,Some of them,No,Maybe,Don't know,No,21-30
24.0,male,No,No,No,no issue,26-100,No,Yes,Yes,Not sure,Yes,Yes,Yes,Very easy,No,No,Some of them,Some of them,No,Maybe,Yes,No,21-30
25.0,male,No,Yes,Yes,Sometimes,More than 1000,No,Yes,Yes,Yes,No,Don't know,Don't know,Don't know,Yes,Maybe,Some of them,No,No,No,No,No,21-30
45.0,male,Yes,No,Yes,Often,1-5,No,Yes,No,No,No,No,Don't know,Very difficult,No,No,No,No,No,No,Don't know,No,41-65
46.0,male,No,No,No,Never,26-100,No,Yes,Yes,Not sure,Yes,Don't know,Don't know,Very easy,No,No,Some of them,Some of them,Maybe,Maybe,Don't know,No,41-65
30.0,male,No,No,Yes,Sometimes,26-100,No,Yes,Don't know,No,No,Don't know,Don't know,Don't know,Yes,Maybe,No,No,No,Maybe,Don't know,No,21-30
29.0,female,Yes,No,No,Sometimes,More than 1000,No,Yes,Yes,Not sure,Don't know,No,Don't know,Very easy,Maybe,Maybe,Some of them,Some of them,No,No,Don't know,No,21-30
24.0,male,No,No,No,no issue,More than 1000,No,Yes,Yes,Yes,Don't know,Don't know,Yes,Don't know,Yes,No,No,No,No,Maybe,Don't know,No,21-30
29.0,male,No,No,No,no issue,26-100,No,Yes,Yes,Yes,Yes,Yes,Yes,Very easy,No,No,Some of them,Yes,No,Maybe,Yes,No,21-30
33.0,female,No,Yes,No,Sometimes,26-100,Yes,Yes,No,Yes,No,No,Don't know,Very difficult,Yes,Maybe,Some of them,Some of them,No,Maybe,No,No,31-40
27.0,male,No,No,No,Sometimes,More than 1000,No,Yes,Don't know,Not sure,Don't know,Don't know,Don't know,Very easy,Yes,No,No,No,No,Maybe,No,No,21-30
36.0,male,No,No,No,no issue,More than 1000,No,Yes,Don't know,Not sure,Don't know,Don't know,Don't know,Don't know,Maybe,No,Some of them,Some of them,No,No,Don't know,No,31-40
33.0,male,No,No,No,Rarely,1-5,Yes,Yes,Don't know,No,No,No,Don't know,Don't know,Yes,Maybe,No,No,No,Maybe,No,No,31-40
25.0,female,No,Yes,Yes,Sometimes,26-100,No,Yes,Yes,Yes,No,No,Yes,Don't know,No,No,Some of them,Yes,No,No,Don't know,No,21-30
54.0,male,No,Yes,Yes,Never,More than 1000,No,Yes,Don't know,No,Yes,Yes,Don't know,Don't know,No,No,No,Yes,No,No,Don't know,No,41-65
22.0,male,No,No,No,Sometimes,More than 1000,No,Yes,Don't know,No,Don't know,Don't know,Don't know,Don't know,Maybe,No,Some of them,No,No,Maybe,Don't know,No,21-30
25.0,others,No,Yes,Yes,Sometimes,More than 1000,No,Yes,Yes,Yes,Don't know,Don't know,Don't know,Don't know,Maybe,No,Some of them,Some of them,No,No,Yes,No,21-30
27.0,male,No,No,Yes,Sometimes,More than 1000,No,Yes,Yes,Yes,Yes,Yes,Yes,Don't know,No,No,No,No,No,Yes,Yes,No,21-30
30.0,male,No,No,No,Never,6-25,No,Yes,No,No,No,Don't know,Don't know,Very easy,No,No,Some of them,Yes,No,Maybe,Yes,No,21-30
26.0,male,No,Yes,Yes,Often,More than 1000,No,Yes,Yes,Not sure,Don't know,Yes,Don't know,Don't know,Maybe,No,Some of them,No,No,No,Don't know,No,21-30
25.0,female,No,Yes,No,Sometimes,6-25,No,Yes,Yes,Yes,Yes,No,Don't know,Somewhat easy,No,No,Some of them,Yes,No,No,No,No,21-30
33.0,male,No,Yes,Yes,Sometimes,26-100,No,Yes,Don't know,Not sure,No,No,Don't know,Don't know,Maybe,No,Some of them,Some of them,No,No,Don't know,No,31-40
34.0,male,No,Yes,Yes,Sometimes,More than 1000,No,Yes,Yes,Yes,Don't know,Yes,Yes,Don't know,Maybe,Maybe,No,No,No,No,Don't know,No,31-40
34.0,male,No,No,Yes,Sometimes,100-500,Yes,Yes,No,No,No,No,Don't know,Somewhat easy,Yes,Yes,Some of them,Some of them,No,Maybe,Don't know,No,31-40
29.0,male,Yes,No,No,no issue,1-5,Yes,Yes,No,Yes,No,No,Yes,Very easy,No,No,Yes,Yes,Maybe,Maybe,Yes,No,21-30
33.0,female,No,No,No,no issue,6-25,No,Yes,No,No,No,No,Don't know,Somewhat difficult,Maybe,No,Some of them,Some of them,No,No,Don't know,No,31-40
34.0,male,Yes,Yes,Yes,Rarely,26-100,Yes,Yes,No,No,No,Don't know,Don't know,Somewhat difficult,No,No,Yes,Yes,No,Maybe,Yes,No,31-40
28.0,male,No,Yes,Yes,Sometimes,More than 1000,No,Yes,Don't know,Not sure,No,Don't know,Don't know,Somewhat difficult,Maybe,Maybe,No,No,No,No,No,No,21-30
35.0,male,No,Yes,No,no issue,More than 1000,No,Yes,Yes,No,Yes,Yes,Yes,Very easy,No,No,Some of them,Yes,No,No,Don't know,No,31-40
36.0,male,No,Yes,Yes,Often,100-500,No,Yes,No,Yes,No,No,Yes,Very easy,No,No,Some of them,Some of them,No,No,Don't know,No,31-40
21.0,male,No,Yes,Yes,Rarely,100-500,No,Yes,Yes,No,No,Don't know,Yes,Don't know,No,No,Yes,Yes,Maybe,Maybe,Don't know,No,21-30
22.0,female,No,No,No,no issue,More than 1000,No,Yes,Yes,No,Yes,Yes,Yes,Somewhat easy,No,No,No,Some of them,No,No,Yes,No,21-30
41.0,male,No,Yes,Yes,Often,More than 1000,No,Yes,Yes,No,Yes,Yes,Don't know,Somewhat difficult,Maybe,No,Yes,Some of them,No,Maybe,No,Yes,41-65
55.0,male,No,Yes,Yes,Rarely,More than 1000,No,Yes,Yes,Yes,Yes,Yes,Yes,Very easy,No,No,Yes,Yes,No,No,Yes,No,41-65
32.0,female,No,No,Yes,Sometimes,26-100,No,Yes,Yes,Yes,Yes,Yes,Yes,Somewhat easy,Maybe,No,Some of them,Yes,No,Maybe,Yes,No,31-40
21.0,female,No,Yes,Yes,Rarely,26-100,No,Yes,Don't know,Not sure,Don't know,No,Don't know,Somewhat easy,Yes,No,Some of them,No,No,Yes,Don't know,No,21-30
45.0,male,No,No,Yes,Never,26-100,Yes,Yes,Yes,Yes,Don't know,Don't know,Don't know,Don't know,Maybe,No,No,Some of them,No,Maybe,Don't know,No,41-65
27.0,female,No,No,Yes,Rarely,More than 1000,No,Yes,Yes,Yes,No,No,Yes,Don't know,Yes,Maybe,No,No,No,No,No,No,21-30
25.0,female,No,Yes,Yes,Sometimes,26-100,Yes,Yes,Don't know,No,No,No,Don't know,Don't know,Maybe,No,Some of them,Yes,No,No,Yes,No,21-30
26.0,female,No,Yes,Yes,Never,More than 1000,No,Yes,Yes,Yes,No,Yes,Yes,Don't know,Maybe,No,No,No,No,No,Don't know,No,21-30
41.0,male,No,No,Yes,Never,500-1000,No,Yes,Yes,Not sure,No,Don't know,Don't know,Somewhat easy,No,No,Some of them,Some of them,No,No,Don't know,No,41-65
27.0,male,No,No,Yes,Rarely,More than 1000,No,Yes,Yes,No,Yes,Yes,Yes,Don't know,No,No,Some of them,Yes,No,Maybe,Yes,No,21-30
31.0,male,No,Yes,Yes,Sometimes,26-100,Yes,Yes,Yes,No,No,No,Don't know,Don't know,No,No,Yes,Yes,No,No,Don't know,No,31-40
25.0,male,No,Yes,Yes,Often,26-100,Yes,Yes,No,No,No,No,Yes,Somewhat easy,No,No,Yes,Yes,No,Yes,No,No,21-30
26.0,male,No,No,Yes,Sometimes,6-25,No,Yes,Don't know,No,No,No,Don't know,Don't know,Yes,Yes,Some of them,No,No,No,No,No,21-30
27.0,female,No,Yes,Yes,Rarely,More than 1000,Yes,Yes,Yes,Yes,No,Don't know,Don't know,Don't know,Maybe,Maybe,No,Yes,No,No,Don't know,No,21-30
42.0,male,No,No,No,Never,500-1000,No,Yes,Don't know,Not sure,No,No,Don't know,Don't know,No,No,Some of them,Yes,Maybe,Maybe,Don't know,No,41-65
29.0,others,Yes,Yes,Yes,Sometimes,1-5,Yes,Yes,Yes,Yes,No,No,Don't know,Very difficult,Yes,No,Some of them,No,No,Maybe,No,No,21-30
25.0,female,No,No,Yes,Sometimes,6-25,No,Yes,Don't know,Not sure,No,No,Don't know,Somewhat difficult,Yes,No,Some of them,No,No,Maybe,Don't know,No,21-30
33.0,female,No,Yes,Yes,Rarely,More than 1000,No,Yes,Yes,Yes,No,Yes,Yes,Don't know,Maybe,No,Some of them,No,No,Yes,Don't know,No,31-40
31.0,male,No,No,No,Never,More than 1000,No,Yes,Don't know,No,No,Don't know,Don't know,Somewhat easy,Yes,No,Some of them,No,No,No,Don't know,No,31-40
26.0,male,No,Yes,Yes,Often,26-100,Yes,Yes,Don't know,No,Don't know,Don't know,Don't know,Very easy,No,No,Yes,Yes,No,No,Yes,No,21-30
48.0,male,No,No,No,no issue,26-100,No,Yes,Don't know,No,No,No,Don't know,Don't know,Maybe,Maybe,No,No,No,No,No,No,41-65
35.0,male,No,No,No,Sometimes,6-25,No,Yes,No,No,No,No,Don't know,Very difficult,Maybe,Maybe,Some of them,Yes,No,Maybe,No,Yes,31-40
32.0,female,No,No,No,Never,100-500,No,Yes,Don't know,Not sure,No,No,Don't know,Don't know,Maybe,No,No,Some of them,No,Maybe,Don't know,No,31-40
29.0,male,No,No,Yes,Sometimes,100-500,No,Yes,Don't know,Not sure,Don't know,Don't know,Yes,Somewhat easy,Maybe,No,Some of them,Some of them,No,Maybe,Yes,No,21-30
26.0,male,No,Yes,Yes,Often,6-25,No,Yes,Yes,Yes,No,No,Don't know,Somewhat difficult,Maybe,No,Some of them,Yes,No,No,No,No,21-30
28.0,male,No,Yes,Yes,Sometimes,26-100,No,Yes,Yes,Yes,No,No,Don't know,Don't know,Maybe,No,Some of them,No,No,Maybe,No,No,21-30
23.0,male,No,No,No,no issue,More than 1000,No,Yes,Don't know,No,No,Don't know,Don't know,Don't know,No,No,Some of them,Yes,No,Maybe,No,No,21-30
35.0,male,No,Yes,Yes,Sometimes,100-500,No,Yes,Yes,Yes,No,No,Don't know,Very difficult,Maybe,Maybe,Some of them,Some of them,No,Maybe,No,Yes,31-40
29.0,male,No,Yes,Yes,Sometimes,26-100,No,Yes,Don't know,No,No,No,Don't know,Very easy,Maybe,No,Some of them,Some of them,Maybe,Maybe,Don't know,No,21-30
26.0,male,No,Yes,No,no issue,6-25,No,Yes,Yes,Yes,No,Yes,Yes,Very easy,No,No,Some of them,Yes,Maybe,Maybe,No,No,21-30
33.0,male,No,Yes,Yes,Never,26-100,Yes,Yes,Yes,Yes,Yes,Yes,Don't know,Don't know,Yes,Maybe,Yes,Some of them,No,No,Yes,No,31-40
33.0,male,No,No,No,no issue,More than 1000,Yes,Yes,Don't know,No,Don't know,Don't know,Don't know,Don't know,Yes,No,Some of them,No,No,Maybe,Yes,No,31-40
22.0,male,Yes,No,No,Never,6-25,Yes,Yes,Don't know,No,No,No,Don't know,Somewhat easy,No,No,Yes,Yes,Maybe,No,Don't know,No,21-30
30.0,female,No,Yes,No,no issue,500-1000,No,Yes,No,No,No,No,Don't know,Don't know,Yes,Maybe,No,No,No,No,Don't know,No,21-30
33.0,male,No,Yes,Yes,Often,More than 1000,Yes,Yes,Yes,Yes,No,No,Don't know,Somewhat easy,Yes,No,No,No,No,No,No,No,31-40
21.0,male,No,Yes,No,Never,More than 1000,No,Yes,Don't know,Not sure,Don't know,Don't know,Don't know,Don't know,No,No,Some of them,Some of them,No,Maybe,Don't know,Yes,21-30
31.0,others,No,Yes,Yes,Sometimes,More than 1000,No,Yes,Don't know,No,No,No,Don't know,Don't know,Yes,Maybe,No,No,No,Yes,Yes,No,31-40
26.0,female,No,No,Yes,Sometimes,100-500,Yes,Yes,Don't know,Not sure,Don't know,Don't know,Don't know,Somewhat difficult,No,No,Some of them,Some of them,No,No,Yes,No,21-30
30.0,male,No,Yes,No,Often,6-25,No,Yes,Don't know,No,No,Don't know,Don't know,Somewhat easy,Maybe,No,Some of them,Yes,No,No,Don't know,No,21-30
30.0,others,No,Yes,Yes,Sometimes,100-500,No,Yes,Don't know,Not sure,No,No,Don't know,Somewhat difficult,No,No,Yes,Yes,Maybe,Maybe,No,No,21-30
23.0,male,No,No,No,no issue,6-25,No,Yes,No,No,No,No,Don't know,Don't know,No,No,Some of them,Yes,Maybe,Maybe,No,No,21-30
34.0,male,No,No,No,Never,6-25,No,Yes,No,No,No,No,Don't know,Somewhat easy,No,No,Yes,Yes,No,Maybe,Don't know,No,31-40
55.0,male,No,Yes,Yes,Sometimes,1-5,Yes,Yes,No,Yes,No,Don't know,Don't know,Don't know,Yes,Maybe,No,No,No,No,No,Yes,41-65
28.0,male,No,Yes,Yes,Rarely,1-5,Yes,Yes,Yes,No,No,No,Yes,Very easy,No,No,Yes,Yes,No,No,Yes,No,21-30
26.0,male,No,No,No,no issue,26-100,Yes,Yes,Don't know,No,Don't know,No,Don't know,Don't know,No,No,Some of them,No,No,Yes,Don't know,No,21-30
28.0,male,No,Yes,Yes,Sometimes,6-25,Yes,Yes,Yes,Yes,Yes,No,Don't know,Very easy,No,No,Yes,Yes,Yes,Yes,Yes,No,21-30
32.0,male,No,Yes,Yes,Sometimes,6-25,No,Yes,No,No,No,Don't know,Don't know,Somewhat easy,No,No,Some of them,Yes,No,No,Don't know,No,31-40
24.0,male,No,Yes,Yes,Sometimes,100-500,No,Yes,No,Yes,No,No,Don't know,Somewhat difficult,Yes,No,Some of them,Some of them,No,Maybe,No,Yes,21-30
24.0,female,No,No,No,no issue,More than 1000,No,Yes,Yes,Yes,Yes,Yes,Yes,Somewhat easy,No,No,Some of them,Some of them,Yes,Yes,Yes,No,21-30
28.0,male,Yes,No,No,Never,100-500,Yes,Yes,Don't know,No,No,No,Don't know,Somewhat easy,Maybe,No,Some of them,Yes,No,No,Yes,No,21-30
24.0,female,No,Yes,Yes,Rarely,6-25,No,Yes,No,No,No,No,Don't know,Very easy,Yes,No,No,Some of them,No,Yes,Yes,No,21-30
33.0,male,Yes,No,Yes,Often,1-5,Yes,Yes,No,No,No,No,Yes,Somewhat easy,Yes,Maybe,Some of them,Some of them,Yes,Yes,Don't know,No,31-40
34.0,male,No,No,No,Sometimes,26-100,No,Yes,Don't know,No,No,No,Don't know,Don't know,Maybe,No,Yes,Yes,No,Maybe,Don't know,No,31-40
27.0,female,No,No,Yes,Sometimes,26-100,No,Yes,Don't know,Not sure,No,No,Don't know,Somewhat difficult,Maybe,Maybe,Some of them,Some of them,No,No,Don't know,No,21-30
28.0,male,No,No,No,Never,6-25,No,Yes,Don't know,No,No,Don't know,Don't know,Don't know,No,No,Some of them,Yes,No,No,Don't know,No,21-30
26.0,male,No,No,No,no issue,More than 1000,No,Yes,Don't know,Not sure,Don't know,Don't know,Don't know,Don't know,No,No,Some of them,Yes,No,No,Don't know,Yes,21-30
20.0,male,No,No,No,no issue,100-500,Yes,Yes,Don't know,Not sure,Don't know,Don't know,Yes,Very easy,No,No,Some of them,Yes,No,No,Don't know,No,15-20
23.0,female,No,No,Yes,Sometimes,26-100,No,Yes,Yes,Yes,No,Don't know,Don't know,Don't know,Maybe,No,Some of them,No,No,Maybe,Don't know,No,21-30
29.0,male,No,Yes,Yes,Rarely,1-5,Yes,Yes,Yes,Yes,Yes,Yes,Yes,Somewhat easy,No,No,Yes,Yes,Maybe,Maybe,Yes,No,21-30
26.0,male,No,Yes,No,Sometimes,6-25,No,Yes,No,No,No,No,Don't know,Don't know,Maybe,Maybe,No,No,No,Maybe,No,No,21-30
36.0,male,No,No,No,Rarely,More than 1000,Yes,Yes,Yes,No,Yes,Don't know,Don't know,Somewhat easy,Maybe,No,No,No,No,No,Don't know,No,31-40
41.0,male,No,No,Yes,Sometimes,More than 1000,No,Yes,Yes,Yes,Yes,Yes,Yes,Don't know,Maybe,No,Some of them,Yes,Maybe,Yes,Yes,Yes,41-65
33.0,female,No,No,No,no issue,100-500,Yes,Yes,Yes,No,Don't know,No,Don't know,Don't know,No,No,Some of them,Yes,No,No,Yes,No,31-40
23.0,male,No,Yes,Yes,Sometimes,6-25,No,Yes,Yes,Yes,No,No,Yes,Very easy,No,No,Yes,Yes,No,No,Yes,No,21-30
39.0,male,No,Yes,No,Often,More than 1000,No,Yes,Yes,No,No,Don't know,Don't know,Don't know,Yes,No,Some of them,Some of them,No,Maybe,No,Yes,31-40
34.0,male,No,Yes,No,no issue,More than 1000,No,Yes,Yes,Not sure,Don't know,Don't know,Don't know,Don't know,Maybe,No,Some of them,Some of them,No,Maybe,Don't know,Yes,31-40
26.0,female,No,No,Yes,Sometimes,100-500,No,Yes,Yes,Yes,No,No,Don't know,Somewhat difficult,Yes,Maybe,Some of them,Some of them,No,No,No,Yes,21-30
24.0,male,No,No,Yes,Rarely,26-100,No,Yes,Yes,Yes,Yes,No,Don't know,Don't know,No,No,Some of them,Yes,No,No,Don't know,No,21-30
43.0,male,Yes,Yes,Yes,Often,6-25,Yes,Yes,Yes,Yes,No,No,Yes,Very easy,No,No,Yes,Yes,Maybe,Maybe,Yes,No,41-65
40.0,others,No,Yes,No,Never,More than 1000,No,Yes,Yes,Yes,Yes,Don't know,Yes,Don't know,Yes,Maybe,No,Some of them,No,Maybe,Yes,No,31-40
30.0,male,No,Yes,Yes,Often,More than 1000,No,Yes,Yes,Yes,Yes,No,Don't know,Very difficult,Yes,No,Some of them,No,No,No,No,Yes,21-30
34.0,male,No,No,Yes,Sometimes,6-25,No,Yes,Don't know,Not sure,No,No,Don't know,Don't know,Yes,Yes,Some of them,No,No,No,Don't know,No,31-40
27.0,male,No,Yes,Yes,Sometimes,100-500,No,Yes,Don't know,Not sure,No,Don't know,Don't know,Don't know,Yes,No,No,No,No,Yes,Don't know,No,21-30
36.0,male,No,No,No,Sometimes,More than 1000,No,Yes,Don't know,No,No,No,Yes,Somewhat easy,No,No,Yes,Yes,Maybe,Yes,Don't know,No,31-40
27.0,male,No,No,No,Rarely,6-25,No,Yes,No,Yes,No,No,Don't know,Somewhat easy,Maybe,No,Some of them,Some of them,No,Maybe,No,No,21-30
35.0,male,No,Yes,No,Never,100-500,No,Yes,Yes,No,No,No,Yes,Don't know,Yes,No,No,No,No,Maybe,Don't know,No,31-40
32.0,male,No,No,No,Never,6-25,No,Yes,No,No,No,No,Don't know,Don't know,Maybe,No,Some of them,No,No,Yes,Yes,No,31-40
37.0,male,No,No,No,no issue,500-1000,No,Yes,Yes,No,No,No,Don't know,Don't know,Maybe,Maybe,Some of them,Some of them,No,No,Don't know,No,31-40
29.0,male,No,No,No,no issue,26-100,No,Yes,Don't know,No,Don't know,Don't know,Don't know,Don't know,No,No,Some of them,Yes,Maybe,Maybe,Yes,No,21-30
33.0,female,No,No,No,Never,500-1000,No,Yes,Yes,Not sure,Yes,Yes,Don't know,Very easy,Maybe,No,Some of them,Yes,No,No,Yes,No,31-40
28.0,male,No,No,No,Sometimes,6-25,Yes,Yes,No,Yes,No,No,Don't know,Somewhat easy,Yes,Maybe,Some of them,No,No,No,Don't know,No,21-30
26.0,female,No,Yes,No,Never,26-100,No,Yes,Don't know,Not sure,No,No,Don't know,Somewhat difficult,Maybe,Maybe,Some of them,No,No,Maybe,No,No,21-30
27.0,male,No,Yes,Yes,Sometimes,6-25,Yes,Yes,Don't know,No,Yes,Don't know,Don't know,Somewhat easy,Yes,No,Some of them,Yes,No,Maybe,Yes,No,21-30
38.0,male,Yes,No,Yes,Sometimes,26-100,Yes,Yes,No,No,No,No,Yes,Somewhat easy,Maybe,Maybe,Some of them,Yes,No,Maybe,Yes,No,31-40
57.0,male,No,Yes,Yes,Rarely,More than 1000,No,Yes,Yes,Yes,No,No,Don't know,Don't know,Maybe,No,Some of them,Yes,No,Maybe,No,No,41-65
28.0,male,No,No,Yes,Sometimes,More than 1000,No,Yes,No,No,No,No,No,Very difficult,Yes,Maybe,No,Some of them,No,Maybe,No,No,21-30
26.0,male,No,No,No,Never,6-25,No,Yes,No,Yes,No,No,Don't know,Don't know,Maybe,No,Yes,Yes,Maybe,Maybe,No,No,21-30
42.0,female,No,No,Yes,Rarely,100-500,Yes,Yes,Yes,Yes,No,No,Yes,Don't know,Yes,No,Some of them,No,No,Maybe,Don't know,No,41-65
31.0,male,No,No,Yes,Sometimes,100-500,Yes,Yes,Yes,Yes,Yes,Yes,Yes,Very easy,No,No,Some of them,Yes,No,No,Yes,No,31-40
58.0,male,No,No,Yes,Rarely,More than 1000,No,Yes,Yes,Yes,Yes,Yes,Yes,Somewhat easy,Maybe,No,Some of them,Yes,No,Yes,Yes,No,41-65
29.0,male,No,No,No,Sometimes,6-25,No,Yes,Don't know,No,No,No,Don't know,Very difficult,Yes,No,No,No,No,Maybe,No,No,21-30
39.0,female,No,No,Yes,Sometimes,More than 1000,No,Yes,Yes,Yes,No,Yes,Don't know,Don't know,Yes,No,Some of them,Some of them,No,Maybe,No,Yes,31-40
34.0,male,No,No,No,Sometimes,6-25,Yes,Yes,Don't know,No,No,No,Don't know,Very difficult,Maybe,No,Some of them,Yes,No,Maybe,Don't know,No,31-40
57.0,male,No,No,Yes,Sometimes,More than 1000,No,Yes,Yes,Not sure,Yes,Yes,Don't know,Don't know,Maybe,Maybe,No,No,No,Maybe,Don't know,No,41-65
27.0,male,No,Yes,Yes,Sometimes,6-25,No,Yes,No,Not sure,No,No,Don't know,Somewhat difficult,Yes,Maybe,Some of them,No,No,No,No,Yes,21-30
23.0,male,Yes,Yes,Yes,Often,26-100,Yes,Yes,Don't know,No,Don't know,Don't know,Don't know,Don't know,No,Maybe,Yes,Yes,Maybe,Yes,Don't know,No,21-30
30.0,female,No,No,No,no issue,100-500,No,Yes,Don't know,Not sure,No,No,Don't know,Don't know,Maybe,No,Some of them,Yes,No,Maybe,Don't know,No,21-30
43.0,male,No,No,Yes,Sometimes,More than 1000,No,Yes,Yes,Yes,Yes,Yes,Yes,Somewhat easy,Yes,Maybe,No,No,No,Yes,Don't know,No,41-65
18.0,female,No,Yes,Yes,Sometimes,1-5,Yes,Yes,Don't know,Not sure,Don't know,Don't know,Don't know,Don't know,Maybe,Maybe,Some of them,Some of them,Maybe,Maybe,Don't know,No,15-20
29.0,male,No,No,Yes,Rarely,6-25,No,Yes,Yes,Yes,No,No,Don't know,Don't know,Maybe,No,Some of them,No,No,Maybe,Don't know,No,21-30
48.0,male,No,No,No,Never,6-25,No,Yes,Don't know,No,No,Don't know,Don't know,Don't know,Maybe,No,No,No,No,Maybe,Don't know,No,41-65
28.0,female,No,Yes,Yes,Sometimes,26-100,No,Yes,Don't know,Not sure,No,No,Don't know,Don't know,Yes,Maybe,Some of them,No,No,Maybe,Don't know,No,21-30
30.0,male,Yes,Yes,Yes,Often,1-5,Yes,Yes,No,Yes,No,No,Yes,Very easy,No,No,Yes,Yes,No,No,Yes,No,21-30
26.0,male,No,No,No,Sometimes,6-25,No,Yes,No,No,No,No,Yes,Very easy,Maybe,No,Some of them,Yes,No,Maybe,Yes,No,21-30
31.0,male,No,No,No,no issue,More than 1000,No,Yes,Yes,Not sure,Don't know,Don't know,Yes,Don't know,No,No,No,Some of them,No,No,Yes,No,31-40
27.0,male,No,No,No,no issue,26-100,No,Yes,No,No,No,No,Don't know,Somewhat difficult,Yes,No,Some of them,No,No,Maybe,No,Yes,21-30
24.0,female,Yes,Yes,Yes,Sometimes,1-5,Yes,Yes,No,No,Don't know,Don't know,Don't know,Don't know,No,No,Some of them,Some of them,No,No,Don't know,Yes,21-30
25.0,male,No,No,No,no issue,26-100,No,Yes,Don't know,Not sure,Don't know,Don't know,Don't know,Don't know,Maybe,No,Some of them,No,No,No,Don't know,No,21-30
23.0,female,No,Yes,Yes,Often,More than 1000,No,Yes,Yes,Not sure,Don't know,No,Don't know,Don't know,Maybe,No,Some of them,Some of them,No,No,Yes,Yes,21-30
25.0,female,Yes,Yes,Yes,Often,1-5,Yes,Yes,Don't know,Not sure,No,No,Yes,Somewhat difficult,Yes,No,Some of them,No,No,Maybe,No,Yes,21-30
34.0,male,No,No,No,Rarely,6-25,No,Yes,Don't know,Not sure,Don't know,Don't know,Don't know,Somewhat easy,No,No,Some of them,Some of them,No,Maybe,Yes,No,31-40
38.0,female,No,No,Yes,no issue,26-100,No,Yes,Yes,Yes,No,No,Yes,Don't know,Maybe,Maybe,No,No,No,No,No,No,31-40
40.0,male,Yes,Yes,No,no issue,More than 1000,No,Yes,No,No,No,No,No,Don't know,Yes,Maybe,Some of them,No,No,Maybe,No,Yes,31-40
32.0,male,No,No,No,no issue,26-100,No,Yes,No,Not sure,No,Don't know,Don't know,Don't know,No,No,No,Some of them,No,Maybe,Don't know,No,31-40
35.0,female,No,No,Yes,Sometimes,100-500,No,Yes,No,Yes,No,No,Don't know,Don't know,Yes,Maybe,No,No,No,Maybe,No,No,31-40
46.0,male,No,No,Yes,Sometimes,More than 1000,No,Yes,Yes,Yes,Yes,Yes,Don't know,Don't know,Maybe,No,Some of them,No,No,No,Yes,No,41-65
32.0,male,No,Yes,Yes,Sometimes,6-25,Yes,Yes,Yes,No,No,No,Don't know,Don't know,No,No,Yes,Yes,Maybe,Maybe,Yes,No,31-40
47.0,male,No,Yes,Yes,Sometimes,More than 1000,No,Yes,Yes,Yes,Yes,Yes,Don't know,Very easy,No,No,Some of them,Yes,No,Yes,Yes,No,41-65
22.0,male,No,No,No,no issue,More than 1000,No,Yes,Yes,Not sure,Yes,Don't know,Yes,Don't know,No,No,Some of them,Yes,No,Maybe,Yes,No,21-30
33.0,female,No,No,Yes,Sometimes,500-1000,Yes,Yes,Yes,Yes,Yes,Yes,Don't know,Very easy,No,No,Some of them,Some of them,No,No,Don't know,No,31-40
25.0,female,No,No,No,Sometimes,6-25,No,Yes,No,No,No,No,No,Somewhat easy,Maybe,No,Some of them,No,No,No,Yes,No,21-30
29.0,male,No,No,No,no issue,More than 1000,No,Yes,Don't know,Not sure,No,Don't know,Don't know,Don't know,Maybe,No,No,No,No,Maybe,Don't know,No,21-30
39.0,male,No,No,No,Never,26-100,No,Yes,Yes,Yes,Yes,Yes,Yes,Very easy,No,No,Yes,Yes,No,No,Yes,No,31-40
38.0,male,No,Yes,Yes,Sometimes,More than 1000,No,Yes,Yes,Not sure,Yes,Yes,Yes,Don't know,Yes,No,No,No,No,No,No,No,31-40
43.0,male,No,No,No,no issue,6-25,Yes,Yes,Don't know,No,No,Don't know,Don't know,Don't know,Maybe,No,Some of them,No,No,No,Don't know,No,41-65
46.0,male,No,No,Yes,Rarely,500-1000,Yes,Yes,Yes,Not sure,Yes,Yes,Yes,Don't know,No,No,Some of them,Yes,No,Maybe,Yes,No,41-65
33.0,male,No,No,Yes,Sometimes,6-25,No,Yes,Yes,Yes,No,No,Yes,Very easy,Yes,Yes,Some of them,Some of them,No,Maybe,No,No,31-40
34.0,male,No,Yes,Yes,Often,26-100,No,Yes,No,Yes,No,No,Yes,Very easy,Maybe,Maybe,Yes,Yes,No,No,No,No,31-40
62.0,male,No,No,No,Never,More than 1000,No,Yes,Yes,Yes,Don't know,Yes,Don't know,Don't know,Maybe,No,Some of them,Yes,Maybe,Maybe,Yes,No,41-65
25.0,male,No,Yes,No,Rarely,26-100,Yes,Yes,Don't know,Not sure,Don't know,Don't know,Don't know,Don't know,Maybe,Yes,No,No,No,No,Don't know,Yes,21-30
36.0,male,Yes,Yes,Yes,Sometimes,1-5,Yes,Yes,Don't know,Yes,Don't know,No,Yes,Somewhat difficult,Maybe,No,Some of them,Yes,No,Yes,Yes,No,31-40
41.0,female,No,Yes,Yes,Rarely,500-1000,Yes,Yes,Yes,Yes,Yes,Yes,Yes,Very easy,Maybe,Maybe,Some of them,Some of them,No,No,Yes,No,41-65
24.0,male,Yes,No,No,Sometimes,1-5,No,Yes,Yes,Yes,Don't know,Don't know,Yes,Somewhat easy,No,No,Some of them,Some of them,Maybe,Maybe,Yes,No,21-30
51.0,male,No,No,Yes,Sometimes,26-100,Yes,Yes,No,Yes,Yes,No,No,Somewhat difficult,Yes,Yes,No,No,No,No,Don't know,Yes,41-65
29.0,male,No,No,Yes,Sometimes,6-25,No,Yes,Yes,Yes,No,Yes,Yes,Very easy,No,No,No,Some of them,No,No,Yes,No,21-30
31.0,female,Yes,Yes,Yes,Sometimes,100-500,Yes,Yes,Don't know,Not sure,Don't know,Don't know,Don't know,Don't know,Maybe,Maybe,Some of them,Yes,No,No,Yes,No,31-40
27.0,male,No,No,No,no issue,6-25,No,Yes,No,No,No,No,Don't know,Don't know,No,No,Some of them,Yes,No,Yes,Don't know,No,21-30
31.0,male,No,No,Yes,Rarely,100-500,No,Yes,Yes,Yes,Yes,Yes,Don't know,Somewhat easy,No,No,Yes,Yes,Yes,Yes,No,No,31-40
27.0,female,Yes,Yes,No,Sometimes,1-5,Yes,Yes,No,No,No,No,No,Very difficult,Yes,Maybe,No,No,No,Maybe,No,No,21-30
23.0,male,No,No,No,Rarely,6-25,No,Yes,Don't know,No,No,Don't know,Don't know,Very easy,No,No,Some of them,Yes,Maybe,Maybe,Yes,No,21-30
21.0,male,No,No,No,Never,26-100,No,Yes,Don't know,Not sure,Don't know,No,Don't know,Don't know,Yes,Maybe,No,No,No,Maybe,Don't know,No,21-30
27.0,female,No,Yes,Yes,Sometimes,6-25,No,Yes,No,Yes,No,No,No,Somewhat difficult,Yes,No,Some of them,Some of them,No,No,No,No,21-30
39.0,male,No,Yes,Yes,Often,26-100,Yes,Yes,Yes,Yes,Yes,Yes,Don't know,Somewhat easy,Yes,No,Some of them,Yes,No,No,No,No,31-40
26.0,male,No,Yes,Yes,Never,More than 1000,No,Yes,Don't know,No,No,Don't know,Don't know,Don't know,Maybe,No,No,No,No,No,No,No,21-30
27.0,male,No,No,No,Never,6-25,No,Yes,Don't know,No,No,No,Don't know,Don't know,Maybe,Maybe,Some of them,Some of them,No,No,Don't know,No,21-30
22.0,female,No,Yes,Yes,Sometimes,500-1000,No,Yes,Yes,Yes,No,Don't know,Don't know,Don't know,No,No,Some of them,Some of them,No,No,No,Yes,21-30
31.0,female,No,Yes,Yes,Rarely,100-500,No,Yes,Yes,Yes,No,No,Yes,Somewhat easy,No,No,Yes,Yes,No,No,Yes,No,31-40
32.0,male,No,No,No,Never,6-25,No,Yes,Don't know,No,No,No,Don't know,Don't know,No,No,Yes,Yes,Yes,Yes,Yes,No,31-40
28.0,female,No,Yes,Yes,Often,100-500,Yes,Yes,Yes,No,No,Don't know,Don't know,Don't know,Yes,Yes,Some of them,Some of them,No,No,No,Yes,21-30
28.0,others,No,Yes,Yes,Rarely,100-500,No,Yes,No,Not sure,No,No,Yes,Somewhat difficult,Yes,Yes,Some of them,Some of them,Yes,No,No,Yes,21-30
23.0,female,No,No,No,no issue,6-25,No,Yes,Don't know,Not sure,No,No,Don't know,Very easy,Maybe,No,No,Some of them,No,Yes,Yes,No,21-30
30.0,male,No,No,No,Never,26-100,Yes,Yes,Don't know,Not sure,Don't know,Don't know,Don't know,Very easy,No,No,Yes,Yes,Maybe,Maybe,Yes,No,21-30
36.0,male,No,Yes,Yes,Sometimes,More than 1000,No,Yes,Yes,No,No,Yes,Don't know,Somewhat difficult,Yes,No,Some of them,Yes,No,Yes,No,No,31-40
21.0,male,No,Yes,No,no issue,More than 1000,No,Yes,Yes,Yes,Yes,Yes,Yes,Don't know,No,No,Some of them,Yes,No,Maybe,Yes,No,21-30
30.0,male,No,No,No,Often,26-100,No,Yes,No,No,Don't know,No,Don't know,Somewhat easy,Maybe,No,Some of them,Some of them,Maybe,Yes,Don't know,No,21-30
32.0,male,No,No,Yes,Sometimes,6-25,No,Yes,No,No,No,No,Don't know,Very easy,No,No,Some of them,Yes,Maybe,Yes,Don't know,No,31-40
29.0,female,No,No,Yes,Sometimes,1-5,No,Yes,No,No,No,No,Don't know,Don't know,Maybe,No,Some of them,Some of them,No,No,Yes,No,21-30
21.0,others,No,No,Yes,Sometimes,26-100,No,Yes,No,Yes,Yes,No,Yes,Somewhat easy,Maybe,No,Some of them,Some of them,No,No,Yes,No,21-30
27.0,female,No,Yes,Yes,Rarely,100-500,Yes,Yes,No,No,No,No,Don't know,Somewhat easy,Maybe,Maybe,Some of them,Some of them,No,Yes,Don't know,No,21-30
34.0,male,No,No,No,Sometimes,More than 1000,No,Yes,Yes,Yes,Yes,Yes,Yes,Very easy,No,No,Some of them,Yes,No,Maybe,Yes,No,31-40
33.0,male,No,No,No,no issue,26-100,No,Yes,Don't know,No,Don't know,Don't know,Don't know,Don't know,Yes,No,Some of them,No,No,Maybe,Don't know,No,31-40
22.0,male,No,Yes,Yes,Sometimes,6-25,Yes,Yes,No,Not sure,No,Don't know,Don't know,Somewhat easy,No,No,Some of them,Yes,Maybe,Yes,Yes,No,21-30
24.0,male,No,No,No,no issue,More than 1000,No,Yes,Don't know,Not sure,Don't know,Don't know,Don't know,Don't know,Maybe,Maybe,Some of them,Some of them,No,No,Yes,No,21-30
27.0,male,No,Yes,Yes,Sometimes,100-500,Yes,Yes,Don't know,No,No,Don't know,Don't know,Don't know,No,No,Some of them,No,No,No,Yes,No,21-30
33.0,male,No,No,No,Never,More than 1000,No,Yes,Don't know,Not sure,Don't know,Don't know,Yes,Very easy,No,No,Some of them,Yes,Maybe,Yes,Yes,No,31-40
36.0,male,No,No,Yes,Rarely,26-100,No,Yes,Don't know,Not sure,No,Don't know,Don't know,Don't know,No,No,Some of them,Some of them,No,No,Don't know,No,31-40
40.0,male,No,No,No,Never,26-100,No,Yes,No,No,No,No,Don't know,Somewhat difficult,No,No,Some of them,Some of them,No,No,No,No,31-40
28.0,male,No,No,Yes,Sometimes,More than 1000,No,Yes,Yes,Yes,No,No,Yes,Somewhat difficult,Maybe,No,Some of them,No,No,Maybe,No,No,21-30
39.0,male,No,No,Yes,Sometimes,500-1000,No,Yes,Yes,Not sure,Yes,Don't know,Yes,Don't know,Yes,Maybe,Yes,Yes,No,Maybe,Don't know,No,31-40
32.0,male,No,No,Yes,Sometimes,More than 1000,No,Yes,Yes,No,No,Yes,Don't know,Somewhat easy,No,No,Yes,Some of them,Maybe,Yes,Don't know,No,31-40
31.0,male,No,Yes,No,Sometimes,More than 1000,No,Yes,Yes,Not sure,Don't know,Don't know,Don't know,Somewhat easy,Maybe,No,No,Some of them,No,Yes,No,No,31-40
38.0,male,No,Yes,Yes,Sometimes,100-500,No,Yes,Don't know,No,No,No,Don't know,Don't know,Maybe,Maybe,Some of them,No,No,No,Don't know,No,31-40
23.0,male,No,Yes,Yes,Rarely,1-5,No,Yes,No,Yes,No,No,Don't know,Don't know,Maybe,No,Some of them,Yes,No,No,Yes,No,21-30
42.0,male,No,No,Yes,Often,More than 1000,No,Yes,Yes,Yes,Yes,Yes,Yes,Somewhat easy,Maybe,Maybe,Yes,Yes,Maybe,Maybe,Don't know,No,41-65
27.0,female,No,No,No,Sometimes,500-1000,No,Yes,Don't know,Not sure,Don't know,Yes,Don't know,Don't know,No,No,Some of them,Yes,No,No,Yes,No,21-30
26.0,female,No,Yes,Yes,Sometimes,26-100,No,Yes,Yes,Yes,No,No,Yes,Somewhat difficult,No,No,Yes,Yes,No,No,No,Yes,21-30
50.0,male,No,No,No,Never,26-100,Yes,Yes,No,Yes,No,No,Don't know,Don't know,No,No,No,No,No,Maybe,No,No,41-65
37.0,male,No,Yes,No,Never,26-100,No,Yes,Don't know,No,No,Don't know,Don't know,Somewhat easy,No,No,Yes,Yes,No,No,Yes,No,31-40
23.0,male,No,No,No,no issue,26-100,No,Yes,Don't know,No,Don't know,No,Don't know,Don't know,No,No,Yes,Yes,No,Maybe,Don't know,No,21-30
33.0,male,No,Yes,No,Sometimes,6-25,Yes,Yes,Don't know,Not sure,No,No,Yes,Very easy,No,No,Some of them,Yes,No,No,Yes,No,31-40
29.0,male,Yes,No,No,Never,26-100,Yes,Yes,Yes,Yes,No,No,Yes,Very difficult,Yes,No,Some of them,No,No,Yes,No,No,21-30
41.0,male,No,Yes,Yes,Often,More than 1000,No,Yes,Yes,No,No,No,Don't know,Don't know,Maybe,Maybe,Some of them,Some of them,No,No,Don't know,Yes,41-65
50.0,male,No,Yes,No,no issue,100-500,Yes,Yes,Don't know,No,No,Don't know,Don't know,Don't know,No,No,Some of them,Yes,Maybe,Maybe,Don't know,No,41-65
35.0,male,No,No,No,Never,6-25,No,Yes,No,Yes,No,No,Yes,Very easy,No,No,Some of them,Yes,Maybe,Maybe,Yes,No,31-40
27.0,male,No,No,No,Sometimes,1-5,Yes,Yes,No,No,No,No,Yes,Don't know,Yes,No,Some of them,Yes,No,No,No,No,21-30
27.0,male,No,No,Yes,Often,100-500,Yes,Yes,No,No,No,No,Don't know,Don't know,Maybe,No,Some of them,No,No,Maybe,No,Yes,21-30
29.0,female,No,No,No,Never,26-100,No,Yes,Yes,Yes,Yes,No,Yes,Don't know,Maybe,No,Some of them,Some of them,No,Maybe,Don't know,Yes,21-30
31.0,male,No,Yes,Yes,Sometimes,6-25,No,Yes,No,No,No,No,Don't know,Somewhat easy,Maybe,No,Yes,Yes,No,Maybe,Don't know,No,31-40
43.0,male,No,No,Yes,Sometimes,6-25,No,Yes,No,Yes,No,No,Don't know,Somewhat easy,No,No,Yes,Yes,No,Maybe,Don't know,No,41-65
34.0,male,No,Yes,Yes,Sometimes,26-100,Yes,Yes,Yes,Yes,No,No,Don't know,Don't know,Maybe,No,Some of them,Some of them,No,Yes,Don't know,Yes,31-40
29.0,male,No,Yes,Yes,Sometimes,26-100,No,Yes,Don't know,No,No,No,No,Somewhat difficult,Yes,No,Some of them,Some of them,No,Maybe,Don't know,No,21-30
19.0,male,No,Yes,Yes,Sometimes,1-5,No,Yes,No,No,No,No,Don't know,Don't know,Maybe,Maybe,Some of them,No,No,Maybe,Don't know,No,15-20
41.0,male,No,Yes,Yes,Sometimes,More than 1000,No,Yes,Yes,Not sure,Yes,Yes,Don't know,Don't know,Maybe,No,Some of them,Some of them,No,No,No,No,41-65
29.0,male,No,Yes,No,Never,100-500,No,Yes,Yes,Yes,Yes,Yes,Don't know,Don't know,No,No,Some of them,Yes,No,Maybe,Yes,No,21-30
23.0,male,No,No,No,Rarely,100-500,No,Yes,Yes,Not sure,Don't know,Don't know,Don't know,Don't know,No,No,Some of them,Some of them,No,No,Yes,No,21-30
24.0,female,No,Yes,Yes,Sometimes,100-500,No,Yes,Yes,Not sure,No,No,Don't know,Somewhat difficult,Yes,Maybe,No,No,No,No,No,Yes,21-30
31.0,male,No,No,No,no issue,26-100,Yes,Yes,Don't know,No,No,Don't know,Don't know,Don't know,Yes,No,No,No,No,Maybe,Don't know,No,31-40
43.0,male,No,No,No,no issue,500-1000,Yes,Yes,Don't know,Not sure,Don't know,Don't know,Don't know,Don't know,No,No,Yes,Yes,No,No,Yes,No,41-65
31.0,male,No,Yes,Yes,Rarely,100-500,No,Yes,No,No,No,Don't know,Don't know,Somewhat difficult,Yes,Yes,Some of them,No,No,No,No,Yes,31-40
29.0,male,No,Yes,No,Often,100-500,No,Yes,Yes,Yes,Yes,Yes,Don't know,Don't know,No,No,Some of them,Yes,No,No,Don't know,No,21-30
35.0,male,Yes,Yes,No,no issue,6-25,Yes,Yes,No,No,Yes,Yes,Don't know,Very easy,No,No,Yes,Yes,No,Maybe,Yes,No,31-40
27.0,male,No,No,No,no issue,More than 1000,No,Yes,Yes,Not sure,Don't know,Don't know,Yes,Don't know,Maybe,Maybe,No,No,No,Maybe,No,No,21-30
32.0,male,No,No,No,Sometimes,100-500,No,Yes,No,Yes,No,No,Don't know,Don't know,Maybe,Maybe,Some of them,Some of them,No,No,No,No,31-40
50.0,male,No,No,No,Sometimes,1-5,Yes,Yes,Don't know,No,No,Don't know,Don't know,Don't know,Yes,Maybe,Some of them,Some of them,No,Maybe,Don't know,No,41-65
27.0,male,No,No,No,no issue,26-100,No,Yes,Don't know,No,No,No,Don't know,Don't know,No,No,Yes,Yes,No,Maybe,Yes,No,21-30
27.0,male,No,No,No,Never,1-5,Yes,Yes,No,No,No,No,Don't know,Don't know,Yes,No,No,No,No,Maybe,Don't know,No,21-30
32.0,male,No,No,Yes,Sometimes,6-25,No,Yes,No,Yes,No,No,Yes,Somewhat easy,No,No,Some of them,Yes,Maybe,Maybe,Yes,No,31-40
30.0,male,No,No,No,Sometimes,26-100,No,Yes,Don't know,Not sure,No,No,Don't know,Somewhat easy,Maybe,No,Some of them,No,No,Yes,No,Yes,21-30
29.0,male,No,No,No,Rarely,More than 1000,No,Yes,Yes,No,No,No,Don't know,Very easy,Yes,Maybe,Some of them,No,No,No,Don't know,No,21-30
30.0,male,Yes,No,Yes,Often,6-25,Yes,Yes,No,Not sure,No,Yes,Don't know,Somewhat difficult,No,No,Yes,Yes,No,Maybe,Yes,No,21-30
35.0,male,No,No,No,Never,26-100,No,Yes,Yes,No,Yes,Don't know,Don't know,Don't know,No,No,Some of them,Some of them,Maybe,Maybe,Yes,No,31-40
38.0,male,No,Yes,No,Often,26-100,Yes,Yes,No,Not sure,No,Don't know,Don't know,Don't know,Maybe,Maybe,Some of them,Some of them,Maybe,Maybe,Don't know,No,31-40
22.0,male,No,Yes,Yes,Sometimes,100-500,No,Yes,Yes,Yes,No,No,Yes,Very easy,No,No,Some of them,Yes,Maybe,Yes,Yes,No,21-30
24.0,male,No,Yes,No,Sometimes,100-500,No,Yes,Don't know,No,No,No,Don't know,Somewhat easy,No,No,Some of them,Some of them,No,Maybe,Don't know,No,21-30
22.0,male,Yes,No,No,Never,1-5,No,Yes,Don't know,Not sure,No,No,Don't know,Don't know,No,Maybe,Some of them,Yes,Maybe,Yes,No,Yes,21-30
31.0,female,No,No,Yes,Often,26-100,Yes,Yes,Yes,Yes,No,No,Don't know,Very easy,Maybe,No,Some of them,Some of them,No,Yes,Don't know,No,31-40
23.0,female,No,Yes,Yes,Sometimes,More than 1000,No,Yes,Yes,Yes,Yes,Yes,Yes,Somewhat easy,Yes,Maybe,No,No,No,No,Don't know,No,21-30
31.0,female,No,Yes,Yes,Sometimes,100-500,No,Yes,Don't know,No,No,No,Don't know,Don't know,No,No,Some of them,Some of them,No,No,Don't know,No,31-40
28.0,female,No,Yes,Yes,Rarely,500-1000,No,Yes,Yes,Yes,Yes,Yes,Don't know,Somewhat difficult,Maybe,No,No,Some of them,No,No,No,No,21-30
34.0,male,Yes,Yes,Yes,Sometimes,6-25,No,Yes,No,Yes,No,No,Yes,Somewhat easy,No,No,Some of them,Some of them,No,No,No,No,31-40
32.0,others,No,No,No,Sometimes,26-100,Yes,Yes,No,Yes,No,No,Yes,Very difficult,Yes,Maybe,Some of them,No,No,Maybe,No,Yes,31-40
28.0,male,No,Yes,Yes,Sometimes,26-100,Yes,Yes,Yes,Not sure,No,Don't know,Don't know,Don't know,Yes,No,Some of them,Some of them,No,No,Don't know,Yes,21-30
24.0,female,No,No,Yes,Sometimes,100-500,No,Yes,No,No,No,No,Don't know,Don't know,Maybe,No,No,Some of them,No,Maybe,Don't know,No,21-30
56.0,male,No,Yes,Yes,Rarely,6-25,No,Yes,Yes,Yes,No,No,Don't know,Don't know,Yes,Maybe,Some of them,Some of them,No,No,Don't know,No,41-65
31.0,male,No,No,No,Sometimes,6-25,Yes,Yes,No,No,No,No,No,Very easy,No,No,Yes,Yes,Maybe,Maybe,Yes,No,31-40
34.0,female,No,No,Yes,Sometimes,100-500,Yes,Yes,Yes,Yes,No,Don't know,Don't know,Somewhat easy,Maybe,No,Some of them,Yes,No,No,Yes,No,31-40
28.0,male,No,No,No,Never,26-100,No,Yes,No,No,No,No,Don't know,Somewhat easy,No,No,Some of them,Some of them,Yes,Yes,Don't know,No,21-30
36.0,male,Yes,Yes,Yes,Often,6-25,No,Yes,No,No,No,No,Don't know,Somewhat easy,No,No,Some of them,Yes,Maybe,Maybe,Yes,Yes,31-40
30.0,male,No,No,Yes,Often,26-100,No,Yes,No,No,No,No,Yes,Somewhat easy,No,No,Some of them,Yes,No,Maybe,Yes,No,21-30
35.0,male,Yes,No,No,no issue,1-5,Yes,Yes,Yes,Not sure,No,No,Yes,Very easy,No,No,Some of them,Yes,No,No,Yes,No,31-40
49.0,male,Yes,Yes,Yes,Sometimes,1-5,Yes,Yes,No,Yes,Yes,No,Don't know,Somewhat difficult,Yes,Yes,No,No,No,No,No,Yes,41-65
36.0,male,No,No,No,no issue,26-100,No,Yes,Yes,Yes,No,No,Yes,Very easy,No,No,Some of them,Yes,Maybe,Maybe,Yes,No,31-40
35.0,male,No,No,No,no issue,26-100,No,Yes,No,No,No,No,Don't know,Very easy,Maybe,No,Some of them,Some of them,No,No,Don't know,No,31-40
57.0,male,No,No,No,Never,26-100,No,Yes,Yes,Yes,No,Yes,Yes,Somewhat difficult,Yes,Maybe,No,No,No,Maybe,Don't know,Yes,41-65
37.0,male,Yes,No,No,Never,6-25,No,Yes,No,No,No,No,Don't know,Don't know,Yes,Maybe,No,No,No,Maybe,Don't know,No,31-40
25.0,male,No,Yes,Yes,Sometimes,26-100,No,Yes,No,No,No,No,Don't know,Don't know,Maybe,No,Some of them,Some of them,No,Maybe,No,No,21-30
30.0,male,No,No,No,Sometimes,26-100,No,Yes,No,No,No,No,Don't know,Very easy,No,No,Some of them,Some of them,No,No,Don't know,No,21-30
22.0,female,No,No,No,Often,6-25,No,Yes,No,No,No,No,Don't know,Don't know,No,No,No,Some of them,No,Yes,Don't know,No,21-30
29.0,male,No,Yes,Yes,Never,100-500,No,Yes,Don't know,Not sure,Don't know,Don't know,Don't know,Don't know,Maybe,Maybe,No,No,No,No,No,No,21-30
54.0,male,Yes,Yes,Yes,Sometimes,1-5,Yes,Yes,Don't know,Not sure,No,No,Don't know,Very easy,No,No,Some of them,Yes,Yes,Yes,Don't know,Yes,41-65
25.0,male,No,No,No,no issue,6-25,No,Yes,No,No,No,No,Don't know,Don't know,Maybe,No,Yes,Yes,No,Yes,Don't know,No,21-30
29.0,male,No,No,No,Rarely,1-5,No,Yes,No,No,No,No,No,Somewhat difficult,No,Maybe,Some of them,No,No,No,Yes,No,21-30
32.0,male,Yes,No,No,Never,1-5,Yes,Yes,No,No,No,No,Don't know,Don't know,No,No,Some of them,Yes,No,Maybe,Don't know,No,31-40
30.0,male,No,Yes,Yes,Sometimes,More than 1000,No,Yes,Yes,Yes,No,Don't know,Yes,Don't know,Maybe,No,Some of them,Yes,No,Yes,Yes,No,21-30
31.0,male,No,No,No,no issue,6-25,No,Yes,Don't know,No,No,Don't know,Don't know,Somewhat easy,No,No,Some of them,Yes,Maybe,Maybe,Don't know,No,31-40
20.0,female,No,No,No,Rarely,More than 1000,No,Yes,Yes,Yes,Yes,Yes,Yes,Somewhat easy,No,No,Some of them,Some of them,No,Maybe,Yes,No,15-20
27.0,male,No,No,No,Never,1-5,No,Yes,Don't know,No,No,Don't know,Don't know,Don't know,No,No,Some of them,Yes,Maybe,Maybe,Don't know,No,21-30
32.0,male,No,No,No,Never,More than 1000,No,Yes,Don't know,Not sure,Don't know,Don't know,Don't know,Don't know,Maybe,Maybe,Some of them,Some of them,No,No,Don't know,No,31-40
26.0,male,Yes,No,No,Never,1-5,Yes,Yes,No,No,No,No,Don't know,Somewhat difficult,Maybe,No,Some of them,Yes,Maybe,Maybe,Yes,No,21-30
30.0,male,No,No,Yes,Sometimes,26-100,Yes,Yes,No,No,Don't know,No,Don't know,Very difficult,Maybe,Maybe,Some of them,No,No,No,No,No,21-30
22.0,male,Yes,No,No,no issue,1-5,Yes,Yes,Don't know,No,Don't know,Don't know,Don't know,Very easy,Maybe,Maybe,Some of them,Some of them,Maybe,Maybe,Yes,Yes,21-30
24.0,male,No,No,No,no issue,More than 1000,No,Yes,Don't know,Not sure,Don't know,Don't know,Don't know,Don't know,No,No,No,No,No,No,Don't know,No,21-30
26.0,male,No,No,No,Never,26-100,No,Yes,No,No,No,No,Don't know,Don't know,Maybe,Maybe,No,No,No,No,Don't know,No,21-30
43.0,male,No,No,No,no issue,100-500,No,Yes,Don't know,No,No,No,Don't know,Don't know,No,No,Some of them,Yes,Maybe,Maybe,Don't know,No,41-65
26.0,male,No,No,No,Never,26-100,No,Yes,No,Not sure,No,Don't know,Don't know,Somewhat difficult,No,No,Some of them,No,No,Maybe,Don't know,No,21-30
23.0,male,No,Yes,No,Sometimes,6-25,No,Yes,Don't know,Not sure,No,Don't know,Don't know,Don't know,Maybe,No,No,No,No,Maybe,Don't know,No,21-30
26.0,male,No,No,No,no issue,100-500,Yes,Yes,Yes,Not sure,Don't know,Yes,Don't know,Somewhat easy,No,No,Some of them,Some of them,No,No,Yes,No,21-30
26.0,female,No,Yes,No,Never,100-500,No,Yes,Don't know,No,Don't know,Don't know,Don't know,Don't know,Maybe,No,Some of them,No,No,No,Yes,No,21-30
35.0,male,No,Yes,No,Sometimes,26-100,No,Yes,Don't know,No,No,No,Don't know,Don't know,Maybe,Maybe,Some of them,Some of them,No,No,No,No,31-40
22.0,male,No,No,No,no issue,26-100,No,Yes,No,No,No,No,Don't know,Don't know,Maybe,Maybe,Some of them,Yes,Maybe,Maybe,Don't know,No,21-30
29.0,female,No,Yes,Yes,Rarely,6-25,No,Yes,Don't know,No,No,No,Don't know,Don't know,Yes,No,No,No,No,No,Don't know,No,21-30
29.0,male,Yes,No,No,no issue,1-5,No,Yes,No,Yes,No,No,Yes,Very easy,No,No,Yes,Yes,Yes,Yes,Yes,No,21-30
45.0,male,No,No,Yes,Often,1-5,Yes,Yes,Yes,Not sure,No,Yes,Don't know,Very easy,No,No,Yes,Yes,No,Maybe,Yes,No,41-65
33.0,male,No,No,Yes,Rarely,26-100,Yes,Yes,No,No,No,No,Don't know,Somewhat easy,Maybe,No,Some of them,Some of them,No,Maybe,Don't know,Yes,31-40
21.0,female,No,No,No,no issue,6-25,No,Yes,No,No,No,No,Don't know,Don't know,Yes,Maybe,Some of them,No,No,No,Don't know,No,21-30
23.0,female,No,Yes,Yes,Sometimes,More than 1000,No,Yes,Don't know,Not sure,No,Don't know,Don't know,Don't know,Yes,Maybe,No,No,No,No,Don't know,No,21-30
33.0,female,No,Yes,Yes,Rarely,More than 1000,No,Yes,Yes,Yes,Yes,Yes,Yes,Somewhat easy,No,No,Some of them,Yes,No,No,Yes,No,31-40
49.0,male,No,Yes,Yes,Sometimes,100-500,No,Yes,Yes,Not sure,Yes,Yes,Yes,Somewhat easy,Maybe,Maybe,Some of them,Yes,No,No,Yes,No,41-65
28.0,male,No,No,No,no issue,26-100,Yes,Yes,Don't know,No,No,No,Don't know,Don't know,Maybe,No,Some of them,No,No,No,Don't know,No,21-30
27.0,female,No,No,Yes,Sometimes,6-25,Yes,Yes,Don't know,Not sure,Yes,Don't know,Yes,Very easy,No,No,Yes,Yes,Maybe,Maybe,Yes,No,21-30
23.0,male,No,No,Yes,Sometimes,6-25,No,Yes,Yes,No,No,No,Don't know,Somewhat easy,Maybe,Maybe,Some of them,Some of them,No,No,Don't know,No,21-30
29.0,male,No,No,No,Never,1-5,Yes,Yes,No,No,No,No,Yes,Somewhat easy,No,No,Yes,Yes,No,Maybe,Yes,No,21-30
30.0,male,No,No,No,no issue,26-100,No,Yes,Don't know,No,No,Don't know,Yes,Somewhat easy,No,No,Some of them,No,Maybe,Maybe,Don't know,No,21-30
28.0,female,No,No,No,no issue,More than 1000,No,Yes,Yes,Not sure,Don't know,Don't know,Don't know,Somewhat easy,No,No,Some of them,Yes,No,No,Don't know,No,21-30
32.0,male,No,No,No,no issue,6-25,No,Yes,No,No,No,No,Don't know,Don't know,Yes,No,No,No,No,Yes,No,No,31-40
37.0,male,No,No,No,no issue,100-500,No,Yes,No,No,No,No,Don't know,Somewhat easy,Maybe,Maybe,Some of them,Some of them,No,Maybe,No,No,31-40
31.0,male,No,No,No,no issue,500-1000,No,Yes,Don't know,No,No,Don't know,Don't know,Don't know,Maybe,Maybe,Some of them,No,No,No,Yes,No,31-40
29.0,male,No,No,No,no issue,6-25,No,Yes,No,No,No,Don't know,Don't know,Somewhat difficult,Maybe,Maybe,Some of them,No,No,No,Don't know,No,21-30
33.0,male,Yes,Yes,Yes,Rarely,1-5,Yes,Yes,No,Yes,Yes,Yes,No,Very difficult,No,No,Yes,Yes,No,No,Yes,Yes,31-40
37.0,male,No,Yes,Yes,Sometimes,100-500,No,Yes,Yes,Yes,Don't know,Don't know,Yes,Don't know,Maybe,No,Yes,Yes,No,No,Don't know,No,31-40
32.0,male,No,No,Yes,Rarely,100-500,No,Yes,Don't know,No,No,No,Don't know,Don't know,Maybe,No,Yes,Yes,No,Maybe,No,Yes,31-40
26.0,male,No,No,No,Never,26-100,No,Yes,Don't know,Not sure,No,No,Don't know,Don't know,Yes,Yes,Some of them,No,No,No,No,No,21-30
32.0,male,Yes,No,Yes,Sometimes,1-5,Yes,Yes,Don't know,Not sure,Don't know,Don't know,Don't know,Very easy,No,No,Yes,Yes,Yes,Yes,Don't know,No,31-40
37.0,female,No,No,No,no issue,26-100,Yes,Yes,Don't know,Not sure,No,Don't know,Don't know,Don't know,Yes,No,Some of them,No,No,No,Don't know,No,31-40
29.0,male,No,No,Yes,Often,26-100,No,Yes,Yes,Yes,No,No,Yes,Very easy,No,No,Yes,Yes,Maybe,Maybe,Yes,No,21-30
34.0,male,No,No,No,no issue,6-25,No,Yes,No,No,No,No,Don't know,Somewhat easy,Maybe,Maybe,Some of them,Yes,No,Maybe,Don't know,No,31-40
27.0,male,No,No,No,no issue,6-25,No,Yes,Don't know,Not sure,Don't know,Don't know,Don't know,Don't know,No,No,Yes,Yes,No,No,Yes,No,21-30
30.0,male,No,Yes,No,Never,100-500,No,Yes,Don't know,No,No,Don't know,Don't know,Very easy,No,No,Some of them,Yes,No,Maybe,Don't know,No,21-30
29.0,male,No,No,No,Never,6-25,No,Yes,Yes,Yes,No,Yes,Yes,Don't know,Maybe,No,Some of them,Some of them,No,No,No,No,21-30
32.0,male,Yes,Yes,Yes,Sometimes,1-5,Yes,Yes,Yes,Yes,Don't know,Don't know,Don't know,Very difficult,Yes,Maybe,Some of them,No,No,No,No,No,31-40
25.0,male,No,No,No,no issue,500-1000,No,Yes,Yes,Yes,Don't know,Yes,Yes,Somewhat easy,Maybe,Maybe,Some of them,Yes,Yes,Yes,Yes,No,21-30
37.0,male,Yes,No,No,no issue,6-25,Yes,Yes,Yes,Yes,Yes,No,Yes,Somewhat easy,No,No,Yes,Yes,Maybe,Maybe,Yes,No,31-40
29.0,male,No,Yes,No,no issue,6-25,No,Yes,No,No,No,No,Don't know,Very easy,No,No,Some of them,Yes,No,Maybe,Yes,No,21-30
27.0,male,No,No,No,no issue,26-100,No,Yes,Yes,Not sure,No,Don't know,Don't know,Don't know,No,No,Yes,Yes,No,No,Don't know,No,21-30
33.0,male,No,No,No,no issue,6-25,No,Yes,Don't know,No,No,No,Don't know,Don't know,Maybe,No,Some of them,Some of them,No,Maybe,Don't know,No,31-40
29.0,male,No,No,No,no issue,1-5,Yes,Yes,No,Yes,No,No,Don't know,Somewhat difficult,Maybe,Maybe,Yes,Yes,No,Maybe,Don't know,No,21-30
25.0,male,No,Yes,Yes,Never,6-25,Yes,Yes,Don't know,No,Yes,Don't know,Don't know,Don't know,Yes,No,Some of them,Yes,No,No,No,No,21-30
31.0,male,No,No,No,Never,100-500,Yes,Yes,No,No,No,No,No,Don't know,No,No,Some of them,Some of them,No,Maybe,No,No,31-40
21.0,male,No,No,No,Rarely,6-25,Yes,Yes,Don't know,No,No,No,Don't know,Very easy,Maybe,Maybe,Some of them,Some of them,No,Maybe,No,No,21-30
30.0,male,No,Yes,Yes,Sometimes,26-100,No,Yes,Don't know,No,No,No,No,Very difficult,Yes,Yes,No,No,No,No,No,No,21-30
43.0,male,Yes,No,Yes,Sometimes,1-5,Yes,Yes,No,No,No,No,Yes,Very difficult,Yes,No,Yes,No,No,Maybe,No,Yes,41-65
37.0,male,No,No,Yes,Often,6-25,No,Yes,No,No,No,No,Don't know,Don't know,Yes,No,Yes,Yes,Maybe,Yes,No,No,31-40
24.0,male,No,No,No,no issue,26-100,No,Yes,No,No,Yes,No,Don't know,Don't know,Maybe,No,Yes,Some of them,No,No,Don't know,No,21-30
29.0,male,No,No,No,no issue,6-25,Yes,Yes,Don't know,Not sure,No,No,Don't know,Very easy,No,No,Yes,Yes,No,No,Don't know,No,21-30
33.0,male,No,No,Yes,Sometimes,26-100,No,Yes,Don't know,Not sure,No,No,Don't know,Don't know,Maybe,No,Some of them,No,No,Maybe,Don't know,No,31-40
27.0,male,No,No,No,no issue,6-25,No,Yes,No,No,No,Yes,Yes,Don't know,Maybe,No,Yes,Some of them,No,Yes,Yes,No,21-30
37.0,male,No,Yes,Yes,Sometimes,26-100,No,Yes,No,Yes,No,No,Yes,Very easy,No,No,Some of them,Yes,No,Maybe,Yes,Yes,31-40
32.0,male,No,No,No,no issue,6-25,No,Yes,No,Yes,No,No,Don't know,Very difficult,Yes,Maybe,No,No,No,No,No,No,31-40
39.0,male,No,No,Yes,Sometimes,100-500,No,Yes,No,No,No,No,Don't know,Very easy,No,No,No,Some of them,No,Yes,Yes,No,31-40
31.0,male,No,Yes,Yes,Sometimes,26-100,No,Yes,Yes,Yes,No,Don't know,Don't know,Somewhat easy,Maybe,No,Some of them,Yes,Maybe,Yes,Don't know,No,31-40
36.0,male,No,No,Yes,Sometimes,100-500,Yes,Yes,Yes,Yes,No,No,Don't know,Very difficult,Maybe,Maybe,Some of them,Some of them,Maybe,Maybe,Don't know,No,31-40
30.0,male,Yes,No,Yes,Sometimes,26-100,Yes,Yes,Don't know,Not sure,Don't know,Don't know,Don't know,Don't know,No,No,Some of them,Some of them,No,Yes,Don't know,No,21-30
28.0,male,No,No,No,no issue,6-25,No,Yes,Yes,Not sure,No,Don't know,Yes,Very easy,No,No,Some of them,Yes,Maybe,Maybe,Yes,No,21-30
32.0,male,No,No,No,no issue,6-25,No,Yes,No,No,No,No,No,Somewhat difficult,Maybe,No,Some of them,No,Maybe,Maybe,No,No,31-40
35.0,male,No,Yes,Yes,Rarely,6-25,No,Yes,Yes,Yes,Yes,Yes,Yes,Very easy,No,No,Some of them,Yes,No,No,Yes,No,31-40
19.0,male,No,No,Yes,Sometimes,26-100,No,Yes,Don't know,Not sure,No,No,Don't know,Somewhat difficult,No,No,Some of them,Yes,No,Yes,Don't know,No,15-20
33.0,male,No,Yes,No,no issue,26-100,No,Yes,Yes,Yes,No,No,Don't know,Very easy,No,No,Some of them,Yes,No,No,Don't know,No,31-40
42.0,male,No,No,No,no issue,More than 1000,Yes,Yes,Don't know,Not sure,Yes,Yes,Yes,Very easy,No,No,Some of them,No,No,Maybe,Yes,No,41-65
37.0,male,No,Yes,Yes,Sometimes,100-500,No,Yes,Don't know,Not sure,Don't know,Don't know,Don't know,Don't know,Maybe,No,Some of them,Some of them,No,No,Don't know,No,31-40
40.0,male,Yes,No,No,Never,6-25,No,Yes,No,No,No,No,Yes,Very easy,No,No,Some of them,Yes,Maybe,Maybe,Yes,No,31-40
36.0,male,No,No,No,Never,More than 1000,No,Yes,Yes,Yes,Yes,Yes,Yes,Very easy,No,No,Some of them,Yes,No,No,Yes,No,31-40
26.0,male,No,Yes,Yes,Sometimes,More than 1000,No,Yes,Yes,No,Yes,Don't know,Don't know,Somewhat difficult,Yes,Maybe,No,No,No,Maybe,No,No,21-30
34.0,male,No,No,No,Rarely,26-100,No,Yes,No,No,No,No,Yes,Somewhat easy,Maybe,Maybe,No,Some of them,Maybe,Maybe,Yes,No,31-40
31.0,male,Yes,Yes,No,Sometimes,1-5,Yes,Yes,No,Yes,No,No,Yes,Somewhat easy,No,No,No,No,No,No,Yes,No,31-40
37.0,male,No,Yes,Yes,Sometimes,1-5,No,Yes,No,No,No,No,Don't know,Very easy,No,No,Yes,Yes,Maybe,Maybe,Yes,No,31-40
38.0,male,No,Yes,Yes,Sometimes,1-5,No,Yes,No,No,No,No,No,Very difficult,Yes,Yes,No,No,No,No,No,No,31-40
27.0,female,No,No,Yes,Sometimes,100-500,No,Yes,Don't know,Not sure,Yes,Don't know,Don't know,Somewhat easy,Yes,No,Some of them,No,No,Maybe,No,No,21-30
39.0,male,Yes,No,No,no issue,6-25,No,Yes,No,No,Yes,No,Yes,Somewhat easy,No,No,Some of them,Yes,Maybe,Maybe,Yes,No,31-40
33.0,female,Yes,Yes,Yes,Sometimes,1-5,No,Yes,Yes,Yes,Yes,Yes,Yes,Somewhat easy,Maybe,Yes,Some of them,No,No,No,No,No,31-40
27.0,male,No,No,No,Never,26-100,No,Yes,Don't know,Not sure,No,Don't know,Don't know,Somewhat easy,No,No,Some of them,No,Yes,Yes,Don't know,No,21-30
36.0,female,No,No,Yes,Never,6-25,Yes,Yes,Yes,No,No,No,Don't know,Don't know,Maybe,Maybe,Some of them,Some of them,No,No,No,No,31-40
28.0,male,No,No,No,Never,26-100,No,Yes,Don't know,Not sure,No,No,Don't know,Somewhat easy,No,No,Some of them,Yes,Maybe,Yes,Don't know,No,21-30
33.0,male,Yes,Yes,Yes,Sometimes,1-5,Yes,Yes,No,Yes,No,No,Yes,Very easy,Maybe,Maybe,Yes,Yes,No,No,Yes,No,31-40
37.0,male,No,Yes,Yes,Rarely,6-25,No,Yes,No,No,No,No,Yes,Somewhat easy,Yes,No,Some of them,Yes,No,Maybe,No,Yes,31-40
43.0,male,No,No,No,Sometimes,6-25,Yes,Yes,Don't know,No,No,Don't know,Don't know,Don't know,Maybe,No,No,No,No,Maybe,No,No,41-65
27.0,female,No,No,No,no issue,More than 1000,No,Yes,Don't know,Not sure,No,Yes,Don't know,Don't know,Maybe,No,Some of them,Yes,No,No,Don't know,No,21-30
31.0,female,No,No,No,no issue,6-25,No,Yes,Don't know,No,No,No,Don't know,Don't know,No,No,Yes,Yes,Maybe,Maybe,Don't know,No,31-40
43.0,male,No,No,Yes,Never,26-100,No,Yes,Don't know,No,No,Don't know,Don't know,Don't know,No,No,Yes,Yes,Yes,Yes,Don't know,No,41-65
33.0,male,No,No,Yes,Sometimes,6-25,Yes,Yes,No,Yes,No,No,Yes,Somewhat difficult,No,No,Yes,Yes,Yes,Yes,Don't know,No,31-40
34.0,male,No,Yes,Yes,Sometimes,More than 1000,No,Yes,Don't know,Not sure,Don't know,Don't know,Yes,Very easy,No,No,Some of them,Yes,No,Maybe,Yes,No,31-40
33.0,male,Yes,No,No,no issue,1-5,No,Yes,Don't know,No,No,No,Don't know,Don't know,No,No,Yes,Yes,No,Maybe,Don't know,No,31-40
25.0,male,No,No,No,no issue,6-25,No,Yes,Don't know,No,No,No,Don't know,Don't know,No,No,Some of them,Yes,No,No,Don't know,No,21-30
32.0,male,Yes,Yes,No,no issue,1-5,No,Yes,No,Yes,No,No,Yes,Somewhat easy,No,No,No,Yes,No,Maybe,No,No,31-40
25.0,male,No,Yes,Yes,Sometimes,26-100,No,Yes,Yes,Yes,Don't know,Don't know,Yes,Don't know,Maybe,No,Some of them,Some of them,No,Maybe,Don't know,No,21-30
39.0,male,No,No,Yes,Never,More than 1000,No,Yes,Yes,Yes,Yes,Yes,Yes,Somewhat easy,No,No,Some of them,Some of them,No,Maybe,Yes,No,31-40
29.0,male,No,No,No,Rarely,100-500,No,Yes,Don't know,Not sure,No,No,Don't know,Somewhat easy,No,No,Some of them,Yes,No,Maybe,Don't know,Yes,21-30
33.0,male,No,No,Yes,Sometimes,More than 1000,No,Yes,Yes,Yes,Don't know,Don't know,Don't know,Don't know,Maybe,Maybe,Some of them,Some of them,No,No,Don't know,No,31-40
37.0,female,No,No,Yes,Often,6-25,Yes,Yes,Don't know,Not sure,No,No,Yes,Somewhat difficult,Yes,No,Some of them,Some of them,No,Yes,No,Yes,31-40
22.0,female,No,Yes,Yes,Sometimes,More than 1000,No,Yes,Don't know,Not sure,Don't know,Don't know,Don't know,Very difficult,Yes,Maybe,Some of them,Some of them,No,Maybe,No,Yes,21-30
38.0,male,No,No,No,Never,26-100,No,Yes,Yes,Yes,No,No,Don't know,Somewhat easy,Maybe,No,Some of them,Yes,No,Maybe,No,Yes,31-40
32.0,female,No,Yes,Yes,Often,100-500,No,Yes,Yes,No,No,Don't know,Don't know,Don't know,Yes,No,Some of them,Yes,No,No,Don't know,No,31-40
28.0,male,No,No,No,no issue,26-100,No,Yes,Don't know,No,No,No,Don't know,Don't know,Maybe,No,Some of them,Yes,Maybe,Yes,No,Yes,21-30
27.0,male,No,Yes,No,no issue,26-100,No,Yes,No,No,No,No,Don't know,Don't know,Maybe,No,Some of them,Yes,No,Yes,No,No,21-30
35.0,female,No,No,Yes,Sometimes,100-500,Yes,Yes,Don't know,No,Don't know,Don't know,Don't know,Very easy,Maybe,No,Some of them,No,No,Maybe,Yes,No,31-40
23.0,male,No,Yes,Yes,Sometimes,6-25,No,Yes,No,Yes,No,No,Don't know,Very easy,No,No,Some of them,Yes,Maybe,Maybe,Yes,No,21-30
39.0,male,No,No,No,no issue,26-100,Yes,Yes,Yes,No,No,No,Don't know,Don't know,Yes,Maybe,No,No,No,No,Don't know,No,31-40
30.0,female,No,No,No,no issue,More than 1000,No,Yes,Yes,Yes,Yes,Yes,Yes,Very easy,No,No,Some of them,No,No,No,Yes,No,21-30
32.0,male,No,No,No,no issue,26-100,No,Yes,Don't know,Not sure,No,Don't know,Don't know,Somewhat easy,Maybe,Maybe,Some of them,Some of them,Maybe,Maybe,Don't know,No,31-40
28.0,others,No,No,Yes,Sometimes,26-100,No,Yes,No,Yes,No,No,Don't know,Somewhat difficult,Yes,Maybe,Some of them,Some of them,No,No,No,Yes,21-30
36.0,female,No,Yes,No,no issue,6-25,No,Yes,Don't know,No,No,Don't know,Don't know,Don't know,No,No,No,Some of them,No,Maybe,Yes,No,31-40
27.0,male,No,No,No,no issue,26-100,Yes,Yes,Don't know,Not sure,No,Don't know,Don't know,Very easy,No,No,Yes,Yes,Maybe,Maybe,Yes,No,21-30
41.0,male,No,Yes,No,Sometimes,More than 1000,No,Yes,Yes,Yes,No,Yes,Don't know,Don't know,Maybe,No,Some of them,Some of them,No,Maybe,No,No,41-65
29.0,male,No,No,No,Never,6-25,No,Yes,Don't know,No,No,No,Don't know,Don't know,Maybe,No,Some of them,No,No,Maybe,Don't know,No,21-30
29.0,male,No,No,Yes,Sometimes,100-500,No,Yes,No,No,No,No,Don't know,Somewhat difficult,No,No,Some of them,Some of them,No,Maybe,No,No,21-30
28.0,male,No,No,Yes,Never,6-25,Yes,Yes,No,Yes,No,No,Don't know,Don't know,Maybe,Maybe,Some of them,Some of them,No,No,Don't know,No,21-30
36.0,female,Yes,No,No,Sometimes,1-5,Yes,Yes,Don't know,Not sure,Don't know,Don't know,Don't know,Don't know,Maybe,No,Some of them,No,No,No,Don't know,No,31-40
39.0,female,No,No,No,Sometimes,26-100,No,Yes,Don't know,Not sure,No,Don't know,Don't know,Don't know,Yes,No,No,No,No,Yes,Don't know,No,31-40
39.0,male,No,Yes,Yes,Sometimes,500-1000,No,Yes,Yes,Yes,Yes,Yes,Yes,Very difficult,Maybe,No,Some of them,Yes,No,No,Don't know,No,31-40
44.0,male,Yes,Yes,Yes,Sometimes,1-5,Yes,Yes,No,Yes,No,No,No,Very easy,Yes,Yes,Some of them,No,No,No,Yes,No,41-65
26.0,others,Yes,No,Yes,Sometimes,6-25,Yes,Yes,No,Not sure,Yes,Yes,Yes,Very easy,No,No,Some of them,Some of them,Maybe,Maybe,Yes,No,21-30
35.0,male,Yes,Yes,Yes,Often,1-5,No,Yes,No,Yes,Yes,No,Don't know,Somewhat easy,No,No,Some of them,Some of them,Maybe,Yes,Yes,No,31-40
35.0,male,Yes,Yes,Yes,Often,1-5,No,Yes,No,Yes,Yes,No,Don't know,Somewhat easy,No,No,Some of them,Some of them,Maybe,Yes,Yes,No,31-40
38.0,male,No,No,No,Never,More than 1000,Yes,Yes,No,Yes,No,No,No,Very difficult,Yes,Yes,No,No,No,No,Don't know,No,31-40
34.0,male,No,No,No,no issue,More than 1000,Yes,Yes,Don't know,Not sure,Don't know,Don't know,Don't know,Don't know,No,No,Some of them,Yes,No,Maybe,Yes,No,31-40
43.0,male,No,No,No,no issue,More than 1000,No,Yes,Yes,No,Yes,Yes,Don't know,Don't know,No,No,Some of them,Yes,No,Maybe,Don't know,No,41-65
48.0,others,No,Yes,No,Often,26-100,No,Yes,Don't know,No,No,No,No,Very difficult,Yes,Yes,No,Some of them,No,No,No,Yes,41-65
20.0,male,No,No,No,Never,26-100,No,Yes,Don't know,Not sure,Don't know,Don't know,Don't know,Don't know,No,No,Some of them,Yes,Maybe,Maybe,Yes,No,15-20
40.0,male,Yes,No,No,Sometimes,1-5,Yes,Yes,Don't know,Not sure,No,No,Don't know,Somewhat easy,Yes,Maybe,Some of them,No,No,No,Don't know,No,31-40
29.0,female,No,No,Yes,Rarely,6-25,No,Yes,Don't know,No,No,No,Don't know,Don't know,Maybe,No,Some of them,No,No,Maybe,Don't know,No,21-30
40.0,male,No,No,No,Never,100-500,No,Yes,Yes,Not sure,No,Don't know,Don't know,Don't know,Maybe,No,Some of them,Some of them,No,Maybe,Don't know,No,31-40
29.0,male,No,No,Yes,Rarely,6-25,No,Yes,No,Yes,No,No,Yes,Very easy,No,No,Some of them,Yes,No,No,Yes,No,21-30
29.0,female,No,Yes,Yes,Rarely,100-500,No,Yes,Yes,Not sure,Don't know,No,Don't know,Don't know,No,No,Yes,Yes,No,Maybe,Don't know,No,21-30
34.0,male,No,No,Yes,Sometimes,1-5,No,Yes,No,No,No,No,Don't know,Don't know,Yes,No,No,No,No,Yes,Don't know,No,31-40
24.0,female,No,Yes,Yes,Often,6-25,No,Yes,Yes,Yes,No,No,Yes,Very easy,No,No,Some of them,Yes,No,Yes,No,Yes,21-30
47.0,female,No,No,No,no issue,100-500,Yes,Yes,Don't know,No,No,Don't know,Don't know,Very difficult,Yes,Yes,No,No,No,No,No,No,41-65
36.0,male,No,No,No,Rarely,More than 1000,No,Yes,Yes,Yes,Yes,Yes,Yes,Somewhat difficult,No,No,Some of them,Yes,No,No,No,No,31-40
36.0,male,Yes,No,No,Sometimes,6-25,Yes,Yes,No,No,No,No,Don't know,Somewhat difficult,No,No,Yes,Yes,No,Maybe,Don't know,Yes,31-40
31.0,female,No,Yes,Yes,Sometimes,100-500,No,Yes,Yes,Yes,No,No,Don't know,Somewhat difficult,No,No,Yes,Yes,Maybe,Maybe,Don't know,No,31-40
35.0,male,No,No,No,Sometimes,More than 1000,No,Yes,Don't know,Not sure,Yes,Don't know,Don't know,Don't know,Maybe,No,Some of them,No,No,No,Don't know,No,31-40
37.0,male,No,No,No,Sometimes,26-100,No,Yes,Don't know,Not sure,Don't know,Don't know,Don't know,Don't know,Yes,Yes,Some of them,No,No,No,No,No,31-40
34.0,male,No,No,Yes,Sometimes,100-500,No,Yes,Don't know,No,Yes,Don't know,Yes,Don't know,Maybe,No,Some of them,No,No,No,Don't know,No,31-40
36.0,male,Yes,No,Yes,Sometimes,1-5,No,Yes,No,No,No,No,Don't know,Very easy,No,No,Yes,No,No,No,Yes,No,31-40
40.0,male,Yes,Yes,Yes,Sometimes,1-5,Yes,Yes,No,Yes,No,No,Yes,Very easy,No,No,Yes,Yes,No,No,Yes,No,31-40
40.0,male,No,No,No,Rarely,More than 1000,No,Yes,Yes,Yes,Yes,Yes,Yes,Don't know,No,No,Some of them,Some of them,No,Maybe,Don't know,No,31-40
42.0,male,No,No,Yes,Sometimes,1-5,Yes,Yes,No,Yes,No,No,Don't know,Somewhat easy,Maybe,No,No,No,No,Maybe,Don't know,No,41-65
23.0,male,No,Yes,No,no issue,26-100,Yes,Yes,Yes,Yes,No,Don't know,Yes,Don't know,Maybe,No,No,Some of them,No,No,Don't know,No,21-30
26.0,male,No,No,No,Sometimes,6-25,Yes,Yes,No,No,No,No,Don't know,Very difficult,Yes,Maybe,Some of them,Some of them,No,Maybe,Don't know,No,21-30
31.0,male,No,Yes,No,no issue,6-25,No,Yes,Don't know,Not sure,No,No,Don't know,Don't know,Maybe,No,Some of them,Some of them,No,No,Don't know,No,31-40
25.0,male,No,Yes,No,no issue,More than 1000,No,Yes,Yes,Yes,Yes,Yes,Yes,Very easy,No,No,Some of them,Yes,Maybe,Yes,Yes,No,21-30
51.0,male,No,No,No,Never,More than 1000,Yes,Yes,Yes,Yes,Yes,Yes,Yes,Very easy,No,No,Yes,Yes,No,No,Yes,No,41-65
24.0,male,No,No,No,no issue,6-25,No,Yes,Don't know,Not sure,Don't know,No,Yes,Somewhat easy,No,No,Some of them,Yes,No,Maybe,Don't know,No,21-30
33.0,male,No,No,No,no issue,100-500,No,Yes,No,No,No,No,Don't know,Don't know,Maybe,No,Some of them,Yes,No,No,No,No,31-40
26.0,male,Yes,No,Yes,Rarely,1-5,Yes,Yes,No,Not sure,Don't know,Don't know,Don't know,Somewhat difficult,No,No,Yes,Yes,Maybe,Maybe,Yes,No,21-30
33.0,male,No,Yes,Yes,Often,6-25,Yes,Yes,No,Yes,No,No,Don't know,Very difficult,Yes,No,Some of them,Yes,No,Maybe,No,No,31-40
34.0,male,No,No,No,no issue,6-25,Yes,Yes,No,No,No,No,No,Somewhat difficult,Yes,Maybe,No,No,No,Yes,No,Yes,31-40
35.0,male,No,Yes,Yes,Sometimes,6-25,No,Yes,Yes,Yes,No,No,Don't know,Somewhat easy,Maybe,Maybe,Some of them,Some of them,No,No,Don't know,No,31-40
39.0,male,No,No,No,no issue,1-5,Yes,Yes,No,Yes,No,No,Don't know,Very difficult,Maybe,Maybe,Some of them,Yes,Maybe,Maybe,No,No,31-40
32.0,male,Yes,No,No,Sometimes,1-5,Yes,Yes,No,Yes,No,No,Yes,Somewhat easy,No,No,Some of them,Some of them,Maybe,Maybe,No,No,31-40
43.0,male,Yes,No,No,no issue,More than 1000,Yes,Yes,Don't know,No,No,Don't know,Don't know,Don't know,No,No,Some of them,Yes,No,Maybe,Don't know,No,41-65
56.0,male,No,No,Yes,Rarely,More than 1000,Yes,Yes,Yes,Yes,Don't know,Yes,Yes,Somewhat easy,No,No,Yes,Yes,Yes,Yes,Yes,No,41-65
32.0,female,No,Yes,Yes,Sometimes,100-500,No,Yes,Don't know,No,No,No,Don't know,Somewhat difficult,Maybe,No,Some of them,Some of them,No,Yes,Don't know,Yes,31-40
39.0,male,No,No,No,no issue,More than 1000,Yes,Yes,Don't know,Not sure,Don't know,Don't know,Don't know,Don't know,No,No,Some of them,Yes,No,No,Don't know,No,31-40
30.0,male,Yes,Yes,Yes,Sometimes,6-25,Yes,Yes,Don't know,Not sure,No,Don't know,Don't know,Very difficult,Yes,No,No,No,No,Maybe,Don't know,No,21-30
31.0,male,No,No,No,no issue,26-100,No,Yes,Yes,No,Yes,No,Yes,Somewhat easy,Maybe,No,Some of them,Some of them,No,Maybe,No,No,31-40
31.0,male,No,No,Yes,Never,26-100,No,Yes,Yes,Yes,No,Don't know,Yes,Very easy,Maybe,No,No,No,No,No,Don't know,No,31-40
29.0,male,No,Yes,Yes,Sometimes,26-100,No,Yes,Don't know,Not sure,Don't know,Don't know,Don't know,Don't know,Maybe,No,Some of them,Some of them,No,No,Yes,No,21-30
30.0,male,No,No,No,Never,26-100,Yes,Yes,Yes,Yes,Don't know,Don't know,Yes,Very easy,No,No,Some of them,Yes,Maybe,Maybe,Yes,No,21-30
37.0,male,No,No,No,Never,500-1000,Yes,Yes,Yes,No,Yes,Don't know,Don't know,Don't know,Maybe,No,Some of them,Yes,No,No,Yes,Yes,31-40
36.0,male,Yes,No,No,Never,1-5,No,Yes,Yes,No,No,Don't know,Don't know,Somewhat difficult,No,No,Some of them,Yes,Yes,Yes,Yes,No,31-40
35.0,male,No,Yes,Yes,Sometimes,26-100,Yes,Yes,Yes,Yes,No,Don't know,Don't know,Don't know,Maybe,Maybe,Some of them,No,No,Maybe,No,No,31-40
31.0,male,No,No,Yes,Rarely,6-25,No,Yes,Don't know,Not sure,No,No,Don't know,Don't know,No,No,Some of them,Yes,No,No,Don't know,No,31-40
26.0,male,Yes,No,No,no issue,100-500,No,Yes,No,No,No,No,Yes,Very easy,No,No,Some of them,Yes,No,No,Yes,No,21-30
39.0,male,No,Yes,No,Sometimes,More than 1000,No,Yes,Yes,No,Yes,Yes,Don't know,Don't know,Maybe,Maybe,Some of them,Yes,Maybe,Maybe,Don't know,Yes,31-40
32.0,male,Yes,Yes,Yes,Rarely,1-5,Yes,Yes,No,Yes,No,No,Don't know,Very difficult,Yes,No,Some of them,No,No,Maybe,Don't know,No,31-40
29.0,male,No,Yes,No,no issue,100-500,No,Yes,Don't know,Not sure,Don't know,Don't know,Don't know,Don't know,No,No,Some of them,Yes,No,No,Don't know,No,21-30
30.0,male,No,Yes,No,Never,100-500,No,Yes,Yes,No,Don't know,Yes,Don't know,Very difficult,Yes,Yes,Some of them,No,Maybe,Maybe,No,No,21-30
40.0,male,No,Yes,Yes,Often,500-1000,Yes,Yes,Don't know,Not sure,No,Don't know,Don't know,Don't know,Maybe,Maybe,Some of them,Some of them,No,Yes,Don't know,No,31-40
33.0,male,No,No,No,Never,More than 1000,No,Yes,Yes,Yes,Yes,Yes,Yes,Somewhat easy,No,No,Some of them,Yes,No,No,Yes,No,31-40
34.0,male,Yes,No,Yes,Sometimes,1-5,Yes,Yes,No,Not sure,No,No,Yes,Somewhat difficult,Maybe,Maybe,Some of them,Some of them,No,No,Don't know,No,31-40
50.0,male,Yes,No,No,Never,1-5,Yes,Yes,No,Yes,No,No,Yes,Somewhat easy,No,No,Some of them,Yes,No,Maybe,Yes,No,41-65
24.0,male,No,No,No,Sometimes,26-100,Yes,Yes,Don't know,No,No,Don't know,Don't know,Somewhat easy,No,No,Some of them,Yes,No,Maybe,No,No,21-30
43.0,male,No,Yes,Yes,Rarely,26-100,No,Yes,No,No,No,No,Don't know,Very difficult,Yes,Yes,Some of them,No,No,No,No,Yes,41-65
25.0,female,Yes,No,Yes,Often,1-5,No,Yes,Yes,Yes,Yes,Yes,Yes,Very easy,Maybe,Maybe,Some of them,Some of them,No,No,Yes,Yes,21-30
24.0,male,Yes,No,No,no issue,1-5,Yes,Yes,No,Yes,No,No,Yes,Very easy,No,No,No,No,No,Maybe,Yes,No,21-30
51.0,male,Yes,No,No,Never,1-5,No,Yes,No,Yes,No,No,Yes,Somewhat difficult,No,No,Some of them,Some of them,Maybe,Maybe,Don't know,No,41-65
49.0,male,No,Yes,Yes,Sometimes,More than 1000,No,Yes,Yes,Yes,No,Yes,Yes,Somewhat difficult,Yes,Maybe,No,No,No,Maybe,No,Yes,41-65
30.0,male,No,No,No,no issue,More than 1000,Yes,Yes,Yes,No,Yes,Yes,Don't know,Don't know,Yes,Maybe,No,No,No,No,Don't know,No,21-30
25.0,female,No,Yes,Yes,Sometimes,More than 1000,No,Yes,Yes,Yes,Yes,No,Don't know,Don't know,Yes,Yes,No,No,No,No,No,No,21-30
36.0,male,No,No,Yes,Rarely,500-1000,Yes,Yes,Yes,Yes,Don't know,Don't know,Don't know,Don't know,Maybe,No,No,No,No,Maybe,Don't know,No,31-40
48.0,male,No,No,Yes,Never,More than 1000,No,Yes,Yes,Yes,Yes,Yes,Yes,Don't know,Maybe,Maybe,Yes,Yes,No,Maybe,Yes,Yes,41-65
48.0,male,No,No,Yes,Sometimes,6-25,No,Yes,No,No,No,No,Don't know,Somewhat easy,Yes,No,Some of them,No,No,Maybe,No,Yes,41-65
53.0,male,No,No,Yes,Rarely,6-25,Yes,Yes,Yes,Yes,No,Yes,Don't know,Don't know,Maybe,Maybe,Some of them,No,No,No,Don't know,No,41-65
24.0,female,No,Yes,Yes,Often,6-25,Yes,Yes,No,No,No,No,Don't know,Very easy,No,No,Yes,Yes,No,No,Don't know,No,21-30
33.0,male,No,Yes,Yes,Sometimes,26-100,No,Yes,Don't know,Yes,No,Yes,Don't know,Somewhat easy,No,No,Yes,Yes,No,No,Don't know,No,31-40
25.0,female,No,Yes,Yes,Sometimes,6-25,No,Yes,Yes,Yes,No,No,Yes,Somewhat easy,No,No,Some of them,Yes,No,No,Don't know,No,21-30
30.0,male,No,No,Yes,Sometimes,26-100,No,Yes,No,No,No,No,Don't know,Somewhat difficult,Yes,Maybe,Some of them,No,No,Maybe,No,No,21-30
30.0,male,Yes,No,No,Never,1-5,Yes,Yes,No,Yes,No,No,Yes,Somewhat easy,Maybe,Maybe,Some of them,Some of them,Maybe,Maybe,Don't know,No,21-30
34.0,male,Yes,No,Yes,Sometimes,1-5,Yes,Yes,No,No,No,No,Yes,Somewhat difficult,No,No,Some of them,Some of them,No,No,Yes,No,31-40
31.0,male,No,No,No,no issue,More than 1000,Yes,Yes,Yes,Yes,Yes,Yes,Yes,Very easy,No,No,Some of them,Yes,Maybe,Yes,Yes,No,31-40
22.0,female,No,Yes,Yes,Often,More than 1000,No,Yes,Don't know,Not sure,No,Don't know,Don't know,Don't know,Yes,Yes,No,No,No,No,Don't know,No,21-30
28.0,male,No,Yes,No,Sometimes,6-25,No,Yes,Don't know,Not sure,No,Don't know,Don't know,Somewhat easy,No,No,Some of them,Yes,No,Yes,Don't know,No,21-30
33.0,male,No,Yes,No,no issue,500-1000,No,Yes,Yes,No,Don't know,Don't know,Don't know,Very easy,No,No,Yes,Yes,Yes,Yes,Yes,No,31-40
29.0,male,No,No,No,Sometimes,More than 1000,No,Yes,Yes,No,Yes,No,Don't know,Don't know,Yes,Maybe,No,No,No,No,Don't know,No,21-30
29.0,male,No,No,No,no issue,26-100,No,Yes,Yes,Yes,Yes,Yes,Don't know,Somewhat easy,No,No,Some of them,Some of them,Maybe,Maybe,Yes,No,21-30
25.0,male,No,No,No,no issue,100-500,Yes,Yes,Yes,No,No,No,Yes,Don't know,No,No,Yes,Yes,Maybe,Maybe,Don't know,No,21-30
31.0,male,No,Yes,No,Never,100-500,No,Yes,Don't know,No,Don't know,Don't know,Don't know,Very easy,No,No,Some of them,Yes,No,No,Don't know,No,31-40
34.0,male,No,No,No,Often,1-5,No,Yes,Don't know,No,No,Yes,Don't know,Very easy,No,No,Some of them,Yes,No,Maybe,Yes,No,31-40
43.0,others,No,No,Yes,Sometimes,100-500,Yes,Yes,Yes,Yes,No,Yes,Yes,Very difficult,Yes,Maybe,Some of them,No,No,Maybe,No,Yes,41-65
38.0,male,No,Yes,Yes,Sometimes,100-500,No,Yes,No,Not sure,No,No,Don't know,Very difficult,Yes,Yes,No,Some of them,No,Maybe,No,No,31-40
26.0,male,No,Yes,Yes,Sometimes,More than 1000,No,Yes,Don't know,Not sure,No,Yes,Yes,Very difficult,Maybe,No,Some of them,Some of them,Yes,Yes,No,Yes,21-30
42.0,male,No,No,Yes,Often,6-25,No,Yes,Don't know,No,No,Don't know,Don't know,Don't know,Yes,Maybe,No,No,No,Maybe,Don't know,No,41-65
33.0,male,No,Yes,Yes,no issue,6-25,No,Yes,Don't know,No,No,Don't know,Don't know,Don't know,No,No,Yes,Yes,Maybe,Maybe,Yes,Yes,31-40
32.0,male,No,No,Yes,Rarely,More than 1000,No,Yes,Yes,Yes,Yes,Yes,Yes,Somewhat easy,Maybe,No,Some of them,Some of them,No,No,Don't know,No,31-40
44.0,male,No,Yes,Yes,Sometimes,6-25,Yes,Yes,Yes,Yes,Yes,Yes,Yes,Somewhat difficult,Maybe,Maybe,Some of them,Yes,No,Maybe,No,No,41-65
28.0,male,No,Yes,Yes,Rarely,More than 1000,No,Yes,Yes,Yes,Don't know,Don't know,Don't know,Don't know,Maybe,No,Some of them,No,No,No,No,No,21-30
40.0,male,No,Yes,Yes,Sometimes,More than 1000,Yes,Yes,Yes,Yes,Yes,Yes,Yes,Very difficult,Yes,No,Some of them,Some of them,No,Maybe,Don't know,Yes,31-40
31.0,female,No,Yes,Yes,Sometimes,500-1000,No,Yes,Yes,Yes,No,Don't know,Yes,Somewhat easy,Maybe,No,Some of them,Yes,No,No,Yes,No,31-40
32.0,male,No,Yes,No,Sometimes,100-500,No,Yes,Yes,Yes,Yes,Yes,Don't know,Don't know,Yes,No,Some of them,No,No,No,Don't know,No,31-40
28.0,male,No,Yes,Yes,Sometimes,More than 1000,No,Yes,Don't know,No,Don't know,Don't know,Don't know,Somewhat easy,Maybe,No,Some of them,No,No,Maybe,No,No,21-30
39.0,male,No,Yes,Yes,Often,26-100,No,Yes,Yes,Yes,No,No,Yes,Don't know,Yes,No,Some of them,No,No,No,No,No,31-40
43.0,male,No,No,Yes,Rarely,More than 1000,No,Yes,Yes,Yes,Yes,Yes,Don't know,Somewhat easy,No,No,Yes,Yes,Maybe,Yes,Yes,No,41-65
35.0,male,No,No,Yes,Sometimes,More than 1000,No,Yes,Yes,Yes,Don't know,Yes,Don't know,Very difficult,Maybe,Maybe,Some of them,Some of them,No,No,Don't know,No,31-40
40.0,male,No,Yes,Yes,Sometimes,6-25,No,Yes,Yes,Yes,Don't know,Don't know,Yes,Very easy,Maybe,No,Some of them,Some of them,No,No,Don't know,No,31-40
34.0,male,No,No,Yes,Rarely,26-100,No,Yes,No,Yes,No,No,Yes,Very easy,No,No,Yes,Yes,Maybe,Maybe,Yes,No,31-40
61.0,male,Yes,No,Yes,Sometimes,1-5,Yes,Yes,No,No,No,No,Don't know,Very difficult,Yes,Maybe,Some of them,Yes,No,Maybe,No,Yes,41-65
36.0,female,No,Yes,Yes,Rarely,6-25,No,Yes,Don't know,No,No,Don't know,Don't know,Don't know,Yes,Maybe,Some of them,No,No,No,Don't know,No,31-40
38.0,male,No,No,No,no issue,6-25,No,Yes,No,No,No,No,Yes,Don't know,Maybe,No,Some of them,Yes,Maybe,Maybe,Don't know,No,31-40
33.0,male,No,Yes,Yes,Often,26-100,No,Yes,Don't know,Not sure,Yes,No,Yes,Somewhat easy,No,No,Some of them,Yes,Yes,Yes,Yes,No,31-40
34.0,male,Yes,Yes,Yes,Rarely,1-5,Yes,Yes,Yes,Yes,Yes,Yes,Yes,Very easy,No,No,Yes,Some of them,No,Maybe,Yes,No,31-40
26.0,male,No,No,Yes,Rarely,More than 1000,No,Yes,Yes,Not sure,Don't know,Don't know,Don't know,Don't know,No,No,Some of them,Some of them,No,Maybe,No,No,21-30
33.0,male,No,No,No,no issue,More than 1000,No,Yes,Don't know,Not sure,Don't know,Don't know,Don't know,Don't know,No,No,Some of them,Yes,Maybe,Maybe,Don't know,No,31-40
32.0,male,No,No,No,no issue,6-25,No,Yes,Don't know,No,No,No,Don't know,Very easy,No,No,No,Yes,No,Maybe,No,No,31-40
25.0,male,Yes,No,No,Sometimes,6-25,Yes,Yes,No,Yes,No,No,Yes,Somewhat easy,No,No,Some of them,Yes,Yes,Yes,Yes,No,21-30
24.0,male,Yes,Yes,No,Often,1-5,Yes,Yes,Don't know,Not sure,No,No,Don't know,Don't know,Maybe,No,Some of them,Some of them,No,Maybe,Don't know,No,21-30
33.0,male,Yes,Yes,Yes,Sometimes,1-5,Yes,Yes,No,Yes,No,No,No,Very difficult,Yes,Maybe,Some of them,Some of them,No,Maybe,No,Yes,31-40
26.0,female,Yes,Yes,Yes,Sometimes,1-5,Yes,Yes,No,No,No,No,Don't know,Very easy,Maybe,No,Some of them,Yes,No,Maybe,Yes,No,21-30
25.0,male,No,No,No,Never,6-25,Yes,Yes,Don't know,Not sure,Don't know,Don't know,Don't know,Very easy,No,No,Yes,Yes,No,No,Don't know,No,21-30
33.0,female,Yes,No,Yes,Sometimes,1-5,Yes,Yes,No,Yes,Yes,Yes,Yes,Very easy,No,No,Some of them,Yes,No,No,Don't know,No,31-40
43.0,male,No,No,No,Sometimes,More than 1000,Yes,Yes,No,Not sure,No,No,Don't know,Very difficult,Yes,Maybe,No,No,No,Maybe,No,Yes,41-65
30.0,male,Yes,No,Yes,Sometimes,6-25,No,Yes,No,Yes,No,No,No,Very difficult,Yes,Yes,No,No,No,No,Yes,Yes,21-30
40.0,male,No,Yes,Yes,Rarely,6-25,No,Yes,Don't know,Not sure,No,Don't know,Don't know,Don't know,No,No,Yes,Yes,No,Maybe,Don't know,No,31-40
49.0,male,No,Yes,No,Never,More than 1000,No,Yes,Yes,Yes,Yes,Yes,Yes,Don't know,No,No,Yes,Yes,No,No,Yes,No,41-65
29.0,male,No,No,No,no issue,6-25,No,Yes,Don't know,Not sure,No,No,Don't know,Somewhat easy,No,No,Some of them,Yes,Maybe,Yes,Don't know,No,21-30
26.0,male,No,No,No,no issue,500-1000,No,Yes,Don't know,No,Don't know,Don't know,Don't know,Don't know,No,No,Some of them,Some of them,Maybe,Maybe,Don't know,No,21-30
38.0,others,No,No,No,Never,More than 1000,No,Yes,Yes,Yes,Yes,Yes,Yes,Somewhat easy,Maybe,Maybe,Some of them,Some of them,No,Maybe,No,Yes,31-40
26.0,male,No,No,No,Never,6-25,No,Yes,Yes,No,No,No,No,Somewhat easy,Maybe,No,No,No,No,No,Don't know,No,21-30
28.0,male,No,Yes,Yes,Often,26-100,No,Yes,No,No,No,No,Don't know,Somewhat easy,Maybe,Maybe,Yes,Yes,No,No,No,No,21-30
40.0,male,No,Yes,Yes,Sometimes,1-5,Yes,Yes,No,No,No,No,Don't know,Don't know,Maybe,Maybe,Some of them,Yes,No,Maybe,No,No,31-40
37.0,female,Yes,Yes,Yes,Rarely,1-5,Yes,Yes,No,Yes,No,No,Yes,Somewhat easy,Yes,Maybe,Some of them,Some of them,Maybe,Maybe,Don't know,Yes,31-40
28.0,male,No,Yes,Yes,Often,100-500,No,Yes,Don't know,Not sure,No,Don't know,Don't know,Don't know,Maybe,No,Some of them,Some of them,No,Yes,Don't know,No,21-30
27.0,male,No,No,No,Never,26-100,No,Yes,Yes,Not sure,Yes,No,Yes,Very easy,No,No,Yes,Yes,Maybe,Maybe,Yes,No,21-30
29.0,male,No,No,Yes,Sometimes,6-25,Yes,Yes,No,No,No,No,Don't know,Very easy,No,No,Yes,Yes,No,Yes,Yes,No,21-30
39.0,female,No,Yes,No,Rarely,500-1000,Yes,Yes,Don't know,Not sure,No,No,Don't know,Somewhat difficult,Yes,Yes,No,No,No,No,No,Yes,31-40
28.0,male,No,No,No,Often,6-25,No,Yes,No,No,No,No,No,Somewhat difficult,Yes,No,No,No,No,Yes,Yes,No,21-30
23.0,male,No,Yes,No,Sometimes,26-100,No,Yes,Yes,Not sure,Yes,Yes,Yes,Somewhat easy,No,No,No,No,No,Maybe,Don't know,No,21-30
38.0,male,No,No,No,no issue,1-5,Yes,Yes,No,No,No,No,Yes,Somewhat easy,No,No,Some of them,Yes,No,No,Don't know,No,31-40
19.0,male,No,No,No,no issue,6-25,No,Yes,Yes,No,No,Yes,Don't know,Very easy,No,No,Yes,Yes,No,No,Yes,No,15-20
30.0,female,No,Yes,Yes,Sometimes,26-100,No,Yes,Yes,Yes,Yes,Don't know,Yes,Very easy,No,No,Some of them,No,No,No,Yes,No,21-30
28.0,male,Yes,No,No,no issue,1-5,Yes,Yes,No,Yes,No,No,Yes,Very easy,Maybe,Maybe,No,No,No,No,Yes,No,21-30
20.0,male,No,No,Yes,Sometimes,26-100,No,Yes,Don't know,No,No,No,Don't know,Don't know,Yes,No,No,No,No,Maybe,Yes,No,15-20
35.0,male,Yes,No,No,Sometimes,1-5,No,Yes,Don't know,Not sure,No,Don't know,Don't know,Somewhat easy,No,No,Some of them,Yes,No,No,Don't know,No,31-40
39.0,male,No,No,Yes,Rarely,100-500,Yes,Yes,Yes,Yes,No,No,Yes,Very easy,Maybe,No,Some of them,Yes,No,No,Don't know,No,31-40
32.0,male,No,No,No,Rarely,500-1000,No,Yes,No,No,No,No,Don't know,Don't know,Yes,No,No,No,No,No,Don't know,No,31-40
27.0,male,No,No,No,no issue,6-25,No,Yes,No,No,No,No,Don't know,Don't know,No,No,No,No,No,No,Don't know,No,21-30
25.0,male,No,Yes,Yes,Often,6-25,Yes,Yes,Yes,Yes,No,Don't know,Yes,Somewhat easy,No,No,Yes,Yes,Maybe,Maybe,Don't know,No,21-30
42.0,male,No,Yes,Yes,Sometimes,6-25,Yes,Yes,Don't know,No,No,Don't know,Don't know,Don't know,Maybe,No,Some of them,Yes,No,Maybe,Don't know,No,41-65
34.0,male,No,Yes,Yes,Often,100-500,No,Yes,Yes,Yes,No,No,Yes,Very easy,No,No,Yes,Yes,Maybe,Maybe,Don't know,No,31-40
26.0,female,No,No,Yes,Sometimes,26-100,Yes,Yes,Don't know,No,No,Don't know,Don't know,Don't know,Maybe,No,Some of them,No,Maybe,Maybe,Don't know,Yes,21-30
35.0,male,No,Yes,Yes,Sometimes,1-5,No,Yes,No,Yes,No,No,Yes,Very easy,Yes,Yes,Some of them,Some of them,No,Maybe,Yes,Yes,31-40
34.0,male,No,No,No,Never,500-1000,No,Yes,Don't know,No,No,Don't know,Don't know,Very easy,Maybe,No,Yes,Yes,No,No,Yes,No,31-40
34.0,male,No,No,No,Sometimes,100-500,No,Yes,Don't know,No,No,No,Don't know,Don't know,Yes,No,Some of them,No,No,Maybe,Don't know,No,31-40
39.0,male,No,Yes,Yes,Sometimes,6-25,Yes,Yes,No,Yes,No,No,Yes,Somewhat easy,No,No,Some of them,Yes,Maybe,Yes,Yes,No,31-40
44.0,female,No,No,No,no issue,100-500,No,Yes,Don't know,Not sure,No,No,Don't know,Don't know,Yes,No,No,No,No,No,Don't know,No,41-65
33.0,female,Yes,No,No,Never,1-5,Yes,Yes,No,Yes,Don't know,Don't know,Yes,Somewhat easy,Maybe,No,No,Some of them,No,No,Yes,No,31-40
38.0,female,No,Yes,No,Sometimes,26-100,Yes,Yes,Don't know,Not sure,Don't know,Don't know,Don't know,Don't know,No,No,Some of them,Yes,No,No,Don't know,No,31-40
31.0,male,No,No,No,Sometimes,More than 1000,No,Yes,Yes,Not sure,Yes,Yes,Yes,Don't know,Yes,Maybe,Some of them,Some of them,No,Maybe,Yes,No,31-40
23.0,male,No,No,No,no issue,100-500,No,Yes,Don't know,Not sure,No,No,Yes,Very easy,Maybe,No,Some of them,Yes,Maybe,Yes,Don't know,No,21-30
26.0,female,No,No,No,no issue,6-25,No,Yes,Don't know,Not sure,No,No,Don't know,Somewhat easy,No,No,Yes,Yes,No,Maybe,Yes,No,21-30
30.0,male,No,Yes,Yes,Sometimes,26-100,Yes,Yes,Yes,No,No,No,Don't know,Don't know,Maybe,No,Some of them,No,No,Maybe,Don't know,No,21-30
25.0,male,No,No,No,Rarely,26-100,Yes,Yes,Don't know,No,No,No,Don't know,Somewhat easy,Yes,No,Some of them,Some of them,No,Yes,Don't know,Yes,21-30
19.0,male,No,No,No,Never,26-100,Yes,Yes,Don't know,No,No,No,Don't know,Somewhat easy,No,No,Some of them,Some of them,No,Maybe,No,No,15-20
32.0,male,No,No,No,Never,6-25,No,Yes,Yes,Yes,Yes,Yes,Don't know,Somewhat easy,No,No,Yes,Yes,No,Maybe,Yes,No,31-40
32.0,male,No,No,No,no issue,6-25,No,Yes,No,No,No,No,Don't know,Don't know,Maybe,Maybe,No,No,No,Maybe,Don't know,No,31-40
37.0,male,No,Yes,No,Sometimes,26-100,Yes,Yes,Don't know,No,No,No,Don't know,Somewhat easy,Maybe,No,Some of them,Some of them,No,Maybe,No,No,31-40
42.0,male,No,Yes,Yes,Sometimes,6-25,Yes,Yes,Don't know,No,No,Don't know,Don't know,Don't know,Maybe,Maybe,Some of them,Some of them,No,No,Don't know,No,41-65
25.0,female,No,No,No,Never,More than 1000,No,Yes,Yes,Yes,Yes,Yes,Don't know,Don't know,Maybe,No,Some of them,Yes,Maybe,No,Yes,No,21-30
19.0,male,No,No,No,Sometimes,1-5,No,Yes,Don't know,Not sure,No,No,Don't know,Don't know,No,No,Some of them,Yes,Maybe,Maybe,Don't know,No,15-20
40.0,female,No,Yes,No,Never,100-500,Yes,Yes,Yes,Yes,Yes,No,Don't know,Don't know,Yes,Yes,No,No,No,No,Don't know,No,31-40
26.0,male,No,Yes,No,no issue,6-25,No,Yes,Don't know,Not sure,No,No,Don't know,Don't know,No,No,Some of them,Yes,No,No,Yes,No,21-30
31.0,male,No,Yes,Yes,Rarely,6-25,No,Yes,Don't know,Not sure,Don't know,Don't know,Yes,Don't know,No,No,Yes,Yes,Maybe,Maybe,Yes,No,31-40
31.0,female,No,Yes,Yes,Often,26-100,No,Yes,No,No,No,No,No,Very difficult,Yes,No,No,No,No,Yes,No,Yes,31-40
35.0,male,No,Yes,No,Sometimes,6-25,Yes,Yes,No,Yes,No,No,Don't know,Don't know,Maybe,No,No,Some of them,No,No,Don't know,No,31-40
26.0,male,No,Yes,Yes,Sometimes,26-100,Yes,Yes,No,No,No,No,Yes,Don't know,No,No,Yes,Yes,No,Maybe,Yes,No,21-30
34.0,female,No,No,No,Sometimes,1-5,No,Yes,No,Not sure,No,No,Don't know,Very easy,No,No,Some of them,Yes,No,Maybe,Yes,No,31-40
35.0,male,No,No,No,no issue,6-25,Yes,Yes,No,No,No,No,Don't know,Don't know,No,No,No,No,No,No,Don't know,No,31-40
28.0,female,No,Yes,Yes,Sometimes,26-100,Yes,Yes,Don't know,No,No,No,Don't know,Somewhat easy,Yes,No,Some of them,Some of them,No,Maybe,No,No,21-30
33.0,male,No,No,No,no issue,6-25,Yes,Yes,Yes,No,Don't know,Yes,Yes,Don't know,No,No,Some of them,Yes,No,No,Yes,No,31-40
40.0,male,No,Yes,Yes,Sometimes,More than 1000,Yes,Yes,Yes,Yes,No,Yes,Don't know,Don't know,Yes,No,No,No,No,Maybe,Don't know,No,31-40
26.0,male,No,No,Yes,Sometimes,6-25,No,Yes,Yes,Yes,No,No,Yes,Don't know,Maybe,No,Some of them,No,No,Maybe,Don't know,No,21-30
26.0,female,No,Yes,Yes,Sometimes,100-500,No,Yes,Yes,Not sure,No,No,Yes,Don't know,Maybe,No,Some of them,No,No,Maybe,Don't know,No,21-30
33.0,male,No,Yes,Yes,Sometimes,6-25,No,Yes,No,Not sure,No,No,Don't know,Somewhat easy,No,No,Some of them,Yes,No,No,Don't know,No,31-40
28.0,male,No,Yes,No,Sometimes,100-500,No,Yes,No,No,No,No,Don't know,Somewhat easy,No,No,Some of them,Some of them,No,No,Don't know,Yes,21-30
39.0,male,Yes,Yes,Yes,Sometimes,1-5,Yes,Yes,No,Yes,Yes,Yes,Yes,Somewhat difficult,No,No,Yes,Yes,No,Maybe,Yes,Yes,31-40
26.0,female,No,Yes,Yes,Sometimes,More than 1000,No,Yes,Yes,Yes,No,No,Don't know,Don't know,No,No,Some of them,Yes,No,Maybe,No,Yes,21-30
35.0,male,No,Yes,Yes,Often,More than 1000,No,Yes,Don't know,Not sure,No,No,Yes,Very easy,No,No,Some of them,Some of them,No,Maybe,No,No,31-40
36.0,male,No,No,No,Never,1-5,Yes,Yes,Don't know,Not sure,Don't know,Don't know,Don't know,Very easy,No,No,Some of them,Some of them,No,No,Don't know,No,31-40
39.0,male,No,Yes,Yes,Sometimes,500-1000,No,Yes,Yes,Yes,No,Don't know,Yes,Very easy,No,No,Some of them,Yes,No,No,Yes,No,31-40
27.0,male,No,No,No,Never,6-25,No,Yes,Don't know,No,No,Don't know,Don't know,Don't know,Maybe,No,Some of them,Yes,Maybe,Maybe,Don't know,No,21-30
33.0,male,Yes,No,No,Never,6-25,Yes,Yes,Don't know,No,No,No,No,Very easy,Maybe,No,Some of them,Yes,No,Maybe,Yes,No,31-40
31.0,male,No,Yes,Yes,Often,More than 1000,No,Yes,Yes,Not sure,Don't know,Don't know,Don't know,Don't know,Maybe,No,Some of them,No,No,Maybe,Don't know,No,31-40
28.0,female,No,No,Yes,Rarely,6-25,No,Yes,Yes,Yes,Don't know,Yes,Yes,Very easy,No,No,Some of them,Some of them,No,Yes,Don't know,No,21-30
27.0,male,No,No,Yes,Sometimes,100-500,No,Yes,Don't know,Not sure,No,No,Yes,Very difficult,Maybe,No,Some of them,No,No,Maybe,No,No,21-30
44.0,male,Yes,No,No,Never,1-5,Yes,Yes,Don't know,No,No,No,Yes,Somewhat difficult,No,No,No,No,No,No,Don't know,No,41-65
25.0,male,No,No,Yes,Often,6-25,Yes,Yes,Don't know,No,No,No,Don't know,Somewhat easy,Maybe,No,Some of them,No,No,Maybe,Don't know,No,21-30
24.0,male,No,Yes,Yes,Sometimes,6-25,No,Yes,No,No,No,No,Don't know,Somewhat easy,Maybe,No,Yes,Yes,No,No,Don't know,No,21-30
34.0,male,No,No,No,Never,6-25,Yes,Yes,Yes,Not sure,Don't know,Don't know,Don't know,Somewhat easy,Maybe,Maybe,No,Some of them,No,Maybe,Don't know,No,31-40
34.0,male,No,No,No,no issue,26-100,Yes,Yes,No,No,No,No,Don't know,Very difficult,Yes,Maybe,Some of them,No,No,Maybe,No,No,31-40
39.0,female,No,No,Yes,Sometimes,6-25,Yes,Yes,No,No,No,No,Don't know,Don't know,Maybe,Maybe,Some of them,Some of them,No,Maybe,No,No,31-40
43.0,male,No,No,No,Sometimes,More than 1000,Yes,Yes,Yes,Not sure,No,Yes,Don't know,Don't know,Maybe,No,No,No,No,No,Don't know,No,41-65
41.0,male,No,No,No,Rarely,More than 1000,No,Yes,Yes,Yes,Yes,Yes,Don't know,Don't know,Maybe,Maybe,Some of them,No,No,No,Yes,Yes,41-65
31.0,male,No,No,Yes,Sometimes,100-500,No,Yes,Yes,Yes,No,No,Don't know,Somewhat easy,Maybe,No,Some of them,No,No,Maybe,No,No,31-40
40.0,male,No,Yes,Yes,Sometimes,More than 1000,No,Yes,Yes,Yes,Yes,Yes,Yes,Don't know,Yes,Yes,No,No,No,Maybe,No,Yes,31-40
43.0,male,Yes,Yes,Yes,Sometimes,1-5,Yes,Yes,Yes,Not sure,No,Don't know,Don't know,Don't know,Maybe,Maybe,Some of them,Some of them,No,Maybe,Don't know,No,41-65
27.0,female,No,Yes,Yes,Often,More than 1000,No,Yes,Yes,Yes,Yes,Yes,Yes,Very difficult,Maybe,No,Yes,Some of them,No,Maybe,No,Yes,21-30
37.0,female,No,Yes,Yes,Sometimes,26-100,Yes,Yes,Yes,Yes,No,Don't know,Don't know,Don't know,Yes,Maybe,No,No,No,Maybe,Don't know,No,31-40
32.0,male,Yes,No,Yes,Sometimes,1-5,No,Yes,No,No,No,No,Yes,Very difficult,Maybe,No,Some of them,Yes,No,Maybe,No,No,31-40
25.0,male,No,Yes,Yes,Often,1-5,No,Yes,No,Yes,No,No,Yes,Very easy,Maybe,No,Yes,Yes,No,Maybe,No,No,21-30
29.0,male,No,Yes,Yes,Often,1-5,No,Yes,Don't know,Not sure,Don't know,Yes,Don't know,Very difficult,No,Maybe,Yes,Yes,Maybe,No,Yes,No,21-30
37.0,male,No,No,No,no issue,6-25,No,Yes,Don't know,No,No,No,Yes,Very easy,No,No,Yes,Yes,Maybe,Maybe,Yes,No,31-40
41.0,male,No,No,Yes,Sometimes,More than 1000,No,Yes,Don't know,No,No,No,Don't know,Somewhat difficult,No,No,Yes,Yes,No,No,Yes,No,41-65
32.0,male,No,No,Yes,Sometimes,26-100,No,Yes,Yes,Yes,Yes,Don't know,Yes,Don't know,No,No,Some of them,Yes,No,Maybe,Don't know,No,31-40
28.0,female,No,Yes,Yes,Sometimes,100-500,No,Yes,Yes,Yes,Don't know,Don't know,Don't know,Don't know,Maybe,No,Some of them,Some of them,No,No,Yes,No,21-30
32.0,male,No,Yes,Yes,Often,100-500,No,Yes,No,Yes,No,No,Don't know,Very difficult,Yes,No,Yes,Yes,No,Yes,No,No,31-40
25.0,male,No,No,Yes,Sometimes,More than 1000,No,Yes,Yes,Yes,Yes,Don't know,Yes,Don't know,Yes,No,No,No,No,No,Yes,No,21-30
37.0,male,No,No,Yes,Sometimes,100-500,No,Yes,Yes,No,No,Yes,Yes,Very easy,No,No,No,Yes,No,No,Yes,No,31-40
24.0,male,No,Yes,Yes,Rarely,6-25,Yes,Yes,Don't know,No,No,No,Don't know,Very easy,No,No,Yes,Yes,Maybe,Yes,Yes,No,21-30
40.0,male,No,Yes,Yes,Sometimes,More than 1000,No,Yes,Yes,Not sure,Yes,Don't know,Don't know,Somewhat difficult,Maybe,No,Some of them,Some of them,No,Maybe,Don't know,Yes,31-40
43.0,male,No,No,No,Never,500-1000,No,Yes,Don't know,No,No,Don't know,Don't know,Don't know,No,No,Yes,Some of them,No,No,Yes,No,41-65
29.0,male,No,No,No,no issue,6-25,Yes,Yes,Yes,Not sure,No,Yes,Don't know,Don't know,Maybe,No,Some of them,Yes,Maybe,Yes,Don't know,No,21-30
26.0,male,No,Yes,No,Sometimes,100-500,No,Yes,Don't know,Not sure,No,No,Don't know,Don't know,Maybe,No,Some of them,No,No,Maybe,Don't know,No,21-30
33.0,female,Yes,Yes,Yes,Often,1-5,Yes,Yes,No,Yes,No,No,No,Very difficult,Yes,Yes,No,No,No,Maybe,No,Yes,31-40
35.0,female,No,Yes,No,Sometimes,6-25,Yes,Yes,Don't know,No,No,No,Don't know,Somewhat easy,No,No,Yes,Some of them,No,No,Yes,No,31-40
45.0,male,No,No,No,Never,6-25,Yes,Yes,Yes,No,No,No,Don't know,Don't know,Yes,Maybe,Some of them,No,No,Maybe,Don't know,No,41-65
25.0,male,No,No,Yes,Rarely,6-25,Yes,Yes,No,Yes,No,Don't know,Don't know,Somewhat easy,Maybe,No,No,Some of them,No,Maybe,Don't know,No,21-30
50.0,male,Yes,No,Yes,Sometimes,26-100,Yes,Yes,No,No,No,No,Don't know,Don't know,Maybe,Maybe,Some of them,Yes,No,No,Don't know,No,41-65
26.0,male,No,Yes,Yes,Rarely,26-100,No,Yes,No,No,Don't know,Don't know,Don't know,Very easy,No,No,Yes,Yes,Maybe,Yes,Yes,No,21-30
33.0,female,No,No,Yes,Often,More than 1000,No,Yes,Yes,Yes,Don't know,Don't know,Don't know,Don't know,Yes,No,No,No,No,Maybe,Don't know,No,31-40
30.0,male,No,No,No,Often,6-25,No,Yes,No,No,No,No,No,Very easy,Maybe,Maybe,Some of them,Some of them,Maybe,Maybe,Don't know,No,21-30
33.0,male,No,Yes,Yes,Sometimes,6-25,Yes,Yes,Yes,Yes,No,Don't know,Yes,Very easy,No,No,Some of them,Yes,Maybe,Maybe,Yes,No,31-40
29.0,male,No,No,Yes,Often,6-25,No,Yes,Yes,No,No,No,Yes,Somewhat easy,Maybe,Maybe,Yes,Some of them,No,Yes,No,No,21-30
37.0,male,No,No,No,no issue,6-25,Yes,Yes,No,Not sure,No,No,Don't know,Don't know,Maybe,No,Some of them,No,Maybe,Yes,Don't know,No,31-40
25.0,male,No,Yes,Yes,Sometimes,1-5,Yes,Yes,Don't know,No,Don't know,Don't know,Don't know,Very easy,No,No,Yes,Yes,Maybe,Yes,Don't know,No,21-30
24.0,male,No,No,No,Sometimes,26-100,No,Yes,Yes,Yes,No,No,Yes,Don't know,Maybe,No,No,No,No,Maybe,Don't know,Yes,21-30
40.0,male,No,No,Yes,Never,100-500,No,Yes,Don't know,Not sure,No,Don't know,Don't know,Very easy,Maybe,No,Yes,Some of them,No,Maybe,Don't know,No,31-40
46.0,male,No,Yes,Yes,Sometimes,6-25,No,Yes,Don't know,Yes,No,Don't know,Don't know,Don't know,Yes,Maybe,No,Some of them,No,Maybe,Don't know,No,41-65
34.0,male,No,No,No,Never,1-5,Yes,Yes,No,Yes,No,No,Don't know,Don't know,Yes,Yes,No,No,No,No,Don't know,No,31-40
32.0,male,Yes,No,Yes,Rarely,1-5,No,Yes,No,Yes,Yes,Yes,Yes,Very easy,No,No,Some of them,Yes,No,Yes,No,Yes,31-40
33.0,female,No,No,Yes,Never,100-500,No,Yes,Don't know,Not sure,No,Don't know,Don't know,Very easy,Maybe,No,Some of them,Some of them,No,Maybe,No,No,31-40
35.0,male,No,No,No,no issue,6-25,No,Yes,Don't know,Not sure,Don't know,Don't know,Yes,Don't know,No,No,No,No,No,No,Yes,No,31-40
26.0,male,Yes,Yes,Yes,Often,1-5,No,Yes,No,No,No,No,Don't know,Don't know,Maybe,No,Yes,Yes,Maybe,Yes,No,Yes,21-30
20.0,female,No,No,Yes,Sometimes,26-100,Yes,Yes,Don't know,Not sure,Don't know,Don't know,Don't know,Don't know,No,No,Some of them,Some of them,Maybe,Maybe,Don't know,No,15-20
37.0,male,No,Yes,No,Sometimes,6-25,No,Yes,No,No,No,No,Yes,Somewhat easy,Maybe,No,Some of them,Yes,No,Maybe,Yes,No,31-40
32.0,male,No,No,No,no issue,26-100,No,Yes,No,No,No,No,Don't know,Don't know,Maybe,No,No,No,No,No,Don't know,Yes,31-40
36.0,female,No,Yes,Yes,Rarely,More than 1000,Yes,Yes,Yes,Yes,No,No,Yes,Somewhat easy,Maybe,Maybe,Some of them,No,No,No,Don't know,No,31-40
27.0,male,No,No,No,Rarely,26-100,No,Yes,No,Yes,No,Yes,No,Somewhat difficult,Yes,No,No,No,No,Maybe,No,Yes,21-30
27.0,male,No,No,No,Rarely,26-100,No,Yes,No,Yes,No,Yes,No,Somewhat difficult,Yes,No,No,No,No,Maybe,No,Yes,21-30
25.0,male,No,Yes,Yes,Sometimes,26-100,Yes,Yes,No,No,No,No,Yes,Very easy,No,No,Some of them,Yes,No,Maybe,Yes,No,21-30
41.0,male,No,Yes,No,no issue,6-25,No,Yes,No,No,No,No,Don't know,Somewhat difficult,Maybe,Maybe,Some of them,Some of them,Maybe,Maybe,Don't know,No,41-65
23.0,male,No,Yes,Yes,Sometimes,6-25,No,Yes,Don't know,Not sure,No,No,Don't know,Somewhat easy,Maybe,No,No,No,No,No,Don't know,No,21-30
26.0,male,No,No,Yes,Often,26-100,No,Yes,No,Yes,No,No,Yes,Very difficult,No,No,Yes,Yes,Yes,Yes,Don't know,No,21-30
29.0,male,No,No,No,Rarely,More than 1000,No,Yes,Don't know,Not sure,Don't know,Don't know,Don't know,Don't know,Maybe,Maybe,No,No,No,Yes,Don't know,Yes,21-30
26.0,female,No,Yes,No,Sometimes,26-100,Yes,Yes,Don't know,No,No,No,Don't know,Don't know,Maybe,No,No,No,No,No,Don't know,No,21-30
38.0,male,No,Yes,Yes,Sometimes,1-5,No,Yes,No,Not sure,Don't know,Don't know,Don't know,Very easy,No,No,Some of them,Yes,Maybe,Yes,Don't know,No,31-40
32.0,male,No,No,No,Rarely,6-25,No,Yes,Yes,Not sure,No,Don't know,Don't know,Don't know,Maybe,No,No,Some of them,No,Maybe,Don't know,No,31-40
32.0,male,No,No,Yes,Sometimes,More than 1000,No,Yes,Yes,Yes,Yes,Yes,Yes,Somewhat difficult,Maybe,Maybe,Some of them,Some of them,No,No,Don't know,Yes,31-40
26.0,male,No,No,No,Never,6-25,No,Yes,No,No,No,No,Don't know,Don't know,Yes,Maybe,Some of them,No,No,Maybe,Don't know,No,21-30
38.0,male,No,Yes,Yes,Rarely,100-500,No,Yes,Don't know,Not sure,No,Don't know,Don't know,Don't know,No,No,Yes,Yes,No,Maybe,No,No,31-40
32.0,male,Yes,No,No,Never,6-25,Yes,Yes,Don't know,Not sure,No,No,Don't know,Very easy,No,No,Yes,Yes,Maybe,Maybe,Yes,No,31-40
37.0,male,Yes,No,No,Never,1-5,Yes,Yes,Don't know,Not sure,Don't know,Don't know,Don't know,Very easy,Yes,Yes,Some of them,Some of them,No,No,Don't know,No,31-40
31.0,male,No,Yes,Yes,Never,6-25,No,Yes,Don't know,Not sure,No,Don't know,Don't know,Somewhat easy,No,No,Some of them,Some of them,No,No,Don't know,No,31-40
30.0,male,No,Yes,Yes,Rarely,6-25,No,Yes,No,Yes,No,No,Don't know,Don't know,No,No,No,No,No,No,Don't know,No,21-30
51.0,male,No,No,No,Never,More than 1000,Yes,Yes,Don't know,No,No,Don't know,Don't know,Don't know,Yes,No,No,No,No,No,No,No,41-65
29.0,male,No,No,Yes,Sometimes,26-100,No,Yes,Yes,Yes,No,No,Don't know,Don't know,Yes,No,Some of them,Some of them,No,Maybe,Don't know,No,21-30
31.0,male,No,No,No,Never,100-500,No,Yes,Yes,No,No,Yes,Don't know,Don't know,Maybe,Yes,Some of them,No,No,No,Yes,No,31-40
31.0,male,No,No,No,no issue,26-100,No,Yes,Don't know,Not sure,No,No,Don't know,Don't know,Yes,Yes,No,No,No,No,Don't know,No,31-40
26.0,male,No,Yes,Yes,Sometimes,6-25,Yes,Yes,Don't know,No,No,Don't know,Don't know,Somewhat easy,Maybe,No,Some of them,Some of them,Maybe,Maybe,Don't know,No,21-30
32.0,male,No,Yes,No,Sometimes,More than 1000,No,Yes,Yes,No,Yes,Don't know,Don't know,Don't know,Maybe,No,Yes,Yes,No,No,Don't know,No,31-40
34.0,male,No,No,No,Never,More than 1000,Yes,Yes,Don't know,Not sure,No,No,Don't know,Don't know,Maybe,No,Some of them,Some of them,No,Yes,Don't know,No,31-40
26.0,male,No,No,No,Often,6-25,No,Yes,No,No,No,No,No,Very difficult,Yes,No,No,No,No,Maybe,Yes,No,21-30
32.0,female,No,No,Yes,Sometimes,More than 1000,No,Yes,Yes,Yes,No,Don't know,Don't know,Don't know,Maybe,No,Some of them,No,No,No,No,No,31-40
29.0,male,No,No,No,no issue,More than 1000,No,Yes,Don't know,Not sure,No,No,Don't know,Don't know,Maybe,No,Some of them,Yes,Maybe,Yes,No,No,21-30
40.0,female,No,Yes,Yes,Sometimes,26-100,No,Yes,Yes,Yes,No,Yes,Yes,Somewhat easy,No,No,Yes,Yes,No,Maybe,Yes,Yes,31-40
23.0,male,No,No,Yes,Sometimes,1-5,No,Yes,No,No,No,No,Don't know,Very difficult,Maybe,No,Yes,Yes,Yes,Yes,No,Yes,21-30
38.0,male,No,Yes,No,no issue,6-25,No,Yes,Don't know,No,No,No,Don't know,Somewhat difficult,No,No,Some of them,Yes,No,No,Don't know,Yes,31-40
26.0,female,No,Yes,Yes,Rarely,100-500,No,Yes,Yes,No,No,No,Don't know,Don't know,Maybe,Maybe,No,No,No,Maybe,No,No,21-30
29.0,male,No,No,No,Never,26-100,No,Yes,No,No,No,Don't know,Don't know,Don't know,No,No,Some of them,Yes,No,Yes,No,Yes,21-30
40.0,male,Yes,No,No,Sometimes,1-5,Yes,Yes,No,Yes,No,No,Don't know,Somewhat easy,No,No,Some of them,Some of them,Maybe,Maybe,Don't know,No,31-40
25.0,female,No,No,Yes,Sometimes,26-100,Yes,Yes,No,No,No,No,Don't know,Don't know,Maybe,Maybe,Yes,Some of them,Maybe,No,No,No,21-30
32.0,female,No,No,Yes,Sometimes,26-100,No,Yes,Yes,Yes,No,No,Yes,Don't know,Maybe,Maybe,Some of them,No,No,No,No,No,31-40
35.0,female,No,Yes,Yes,Sometimes,1-5,Yes,Yes,No,No,No,No,Yes,Don't know,Maybe,Maybe,Some of them,Some of them,No,No,Yes,No,31-40
28.0,female,No,No,Yes,Often,6-25,No,Yes,No,Yes,No,No,Don't know,Very difficult,Yes,Maybe,Some of them,Some of them,No,No,Don't know,No,21-30
56.0,female,Yes,No,No,Rarely,1-5,Yes,Yes,Don't know,Not sure,Don't know,Don't know,Don't know,Don't know,Maybe,Maybe,No,No,No,No,Don't know,No,41-65
38.0,male,No,Yes,Yes,Sometimes,26-100,Yes,Yes,Yes,No,No,No,Don't know,Don't know,Maybe,No,Some of them,Some of them,No,No,Don't know,No,31-40
31.0,female,No,No,No,no issue,26-100,No,Yes,Don't know,Not sure,No,No,Yes,Very easy,Maybe,No,Some of them,Some of them,No,No,Don't know,No,31-40
40.0,male,No,Yes,Yes,Sometimes,6-25,No,Yes,Yes,Yes,No,No,Yes,Don't know,Maybe,No,Some of them,No,No,No,Yes,No,31-40
44.0,male,No,Yes,Yes,Sometimes,100-500,No,Yes,Yes,Yes,No,Yes,Yes,Don't know,Maybe,No,Some of them,Some of them,No,No,Don't know,No,41-65
34.0,male,No,Yes,No,Sometimes,More than 1000,No,Yes,Yes,Not sure,Yes,Yes,Yes,Don't know,Maybe,No,No,No,No,Maybe,Don't know,No,31-40
37.0,male,No,No,No,Never,26-100,Yes,Yes,Don't know,No,No,No,Don't know,Somewhat easy,No,No,Some of them,Yes,No,Yes,Don't know,No,31-40
38.0,male,No,No,No,Never,26-100,No,Yes,Don't know,Not sure,Don't know,Don't know,Yes,Don't know,No,No,Some of them,Yes,Yes,Maybe,No,No,31-40
27.0,male,No,No,No,no issue,26-100,No,Yes,Don't know,Not sure,No,No,Don't know,Don't know,No,No,Some of them,Yes,Yes,Yes,Don't know,No,21-30
35.0,female,No,No,No,Rarely,1-5,No,Yes,Don't know,No,No,No,No,Don't know,Maybe,No,Some of them,No,No,Maybe,No,No,31-40
34.0,male,No,No,Yes,Often,6-25,No,Yes,No,No,No,No,Don't know,Somewhat difficult,Yes,Maybe,Some of them,Yes,No,Maybe,No,No,31-40
32.0,male,No,No,Yes,Often,26-100,Yes,Yes,Yes,Not sure,No,Don't know,Don't know,Very difficult,Yes,Maybe,Some of them,No,No,No,Don't know,No,31-40
25.0,male,No,No,No,no issue,100-500,No,Yes,Don't know,Not sure,No,Don't know,Don't know,Don't know,Maybe,No,Some of them,Yes,No,No,Don't know,No,21-30
28.0,male,No,No,Yes,Often,100-500,Yes,Yes,No,Yes,No,No,Don't know,Don't know,Yes,No,No,No,No,Maybe,No,No,21-30
28.0,female,No,No,Yes,Rarely,6-25,No,Yes,Yes,No,No,No,Don't know,Somewhat easy,Yes,Yes,Some of them,No,No,No,No,Yes,21-30
31.0,male,Yes,No,Yes,no issue,1-5,No,Yes,No,Yes,No,No,No,Don't know,No,No,Yes,Yes,No,Maybe,Don't know,No,31-40
24.0,male,No,No,No,no issue,100-500,No,Yes,Don't know,Not sure,No,No,Don't know,Somewhat easy,Maybe,Maybe,Some of them,Yes,No,Maybe,Don't know,No,21-30
34.0,male,No,Yes,Yes,Never,1-5,Yes,Yes,No,No,No,No,Don't know,Don't know,Maybe,No,Some of them,Yes,No,No,Don't know,No,31-40
32.0,male,No,No,Yes,Sometimes,6-25,No,Yes,No,No,No,No,Don't know,Somewhat easy,No,No,Some of them,Yes,No,Maybe,Don't know,No,31-40
23.0,male,No,No,Yes,Sometimes,1-5,No,Yes,No,Yes,No,No,No,Very easy,Maybe,Maybe,Some of them,Yes,No,No,No,No,21-30
33.0,male,No,Yes,No,Often,100-500,No,Yes,No,Yes,No,No,Don't know,Somewhat easy,No,No,Some of them,Yes,Maybe,Maybe,Don't know,Yes,31-40
29.0,male,No,Yes,Yes,Sometimes,26-100,No,Yes,Don't know,Not sure,No,No,Don't know,Somewhat difficult,Maybe,No,No,No,No,Maybe,No,No,21-30
24.0,male,No,Yes,No,no issue,1-5,No,Yes,No,No,No,No,Don't know,Don't know,Maybe,Maybe,No,No,No,No,Don't know,No,21-30
45.0,male,No,No,No,Never,More than 1000,Yes,Yes,Don't know,Not sure,No,No,Don't know,Don't know,Yes,No,Yes,Some of them,No,No,No,Yes,41-65
31.0,male,No,No,No,Sometimes,More than 1000,No,Yes,Don't know,No,No,No,Don't know,Very difficult,Yes,Yes,Some of them,No,No,Maybe,No,Yes,31-40
33.0,male,No,No,Yes,Often,26-100,Yes,Yes,Yes,Yes,No,No,Yes,Don't know,Maybe,No,Some of them,No,No,Maybe,Don't know,No,31-40
28.0,male,No,No,No,no issue,6-25,No,Yes,No,Not sure,No,No,Don't know,Somewhat easy,Maybe,Maybe,Some of them,Some of them,No,No,Don't know,No,21-30
42.0,male,No,No,No,Never,26-100,No,Yes,No,Yes,No,No,No,Somewhat difficult,Yes,Yes,Some of them,Some of them,No,No,No,No,41-65
28.0,male,No,No,No,no issue,6-25,No,Yes,No,Not sure,No,No,Don't know,Somewhat easy,Maybe,Maybe,Some of them,Some of them,No,No,Don't know,No,21-30
38.0,male,No,No,Yes,Sometimes,More than 1000,Yes,Yes,Yes,No,Yes,Yes,Yes,Very easy,No,No,Yes,Yes,No,No,Don't know,No,31-40
46.0,male,No,Yes,Yes,Often,26-100,No,Yes,Don't know,No,No,No,Don't know,Don't know,Maybe,No,Some of them,No,No,No,No,No,41-65
46.0,male,No,Yes,Yes,Sometimes,100-500,Yes,Yes,Don't know,Not sure,Don't know,Don't know,Don't know,Don't know,No,No,Some of them,Yes,Yes,Yes,Don't know,No,41-65
41.0,female,Yes,No,Yes,Rarely,1-5,Yes,Yes,Don't know,Yes,Don't know,Yes,No,Somewhat easy,No,No,Yes,Yes,Yes,Yes,Yes,No,41-65
23.0,male,No,No,No,Never,26-100,No,Yes,Don't know,No,No,No,Don't know,Somewhat easy,Maybe,No,Some of them,Some of them,No,Maybe,Yes,Yes,21-30
24.0,male,No,Yes,Yes,Sometimes,More than 1000,No,Yes,Yes,Yes,No,Yes,Don't know,Somewhat easy,Maybe,No,Some of them,No,No,Maybe,Yes,Yes,21-30
23.0,female,No,No,Yes,Rarely,26-100,No,Yes,No,Yes,Yes,No,Don't know,Don't know,No,No,Yes,Some of them,No,Maybe,Don't know,No,21-30
32.0,female,No,Yes,No,Never,More than 1000,No,Yes,Yes,Yes,Don't know,Yes,Yes,Don't know,Maybe,No,Some of them,Some of them,No,No,Don't know,No,31-40
25.0,male,No,Yes,Yes,Sometimes,26-100,No,Yes,Don't know,Yes,No,No,Don't know,Somewhat easy,Yes,No,Some of them,Some of them,No,Maybe,Don't know,No,21-30
39.0,male,No,No,No,no issue,6-25,Yes,Yes,No,No,No,No,Yes,Don't know,Yes,No,No,No,No,No,Don't know,No,31-40
23.0,female,No,Yes,Yes,Sometimes,6-25,No,Yes,No,Yes,No,Yes,Yes,Very easy,No,No,Yes,Yes,Maybe,Maybe,Yes,No,21-30
24.0,others,Yes,No,Yes,Sometimes,6-25,Yes,Yes,No,No,No,No,Don't know,Don't know,Maybe,Maybe,Some of them,Some of them,No,Maybe,Don't know,Yes,21-30
23.0,male,No,No,Yes,Rarely,6-25,No,Yes,No,Yes,No,No,Don't know,Don't know,No,No,Yes,Yes,No,Maybe,Don't know,No,21-30
23.0,male,No,No,Yes,Often,26-100,No,Yes,Yes,Yes,Yes,Don't know,Don't know,Don't know,Maybe,No,Yes,Some of them,No,No,Don't know,No,21-30
60.0,male,No,No,Yes,Often,More than 1000,Yes,Yes,Don't know,No,Yes,Don't know,Don't know,Somewhat easy,Maybe,Maybe,Some of them,No,No,Maybe,Don't know,No,41-65
28.0,male,No,No,No,Sometimes,26-100,No,Yes,No,Yes,No,No,Yes,Don't know,Yes,Maybe,No,No,No,No,No,Yes,21-30
30.0,male,No,No,No,Sometimes,500-1000,No,Yes,Don't know,No,No,No,Don't know,Don't know,Maybe,No,Yes,Yes,Maybe,Yes,Don't know,No,21-30
31.0,male,No,Yes,Yes,Sometimes,100-500,No,Yes,Don't know,No,No,No,Yes,Somewhat easy,No,No,Some of them,No,No,No,Don't know,No,31-40
31.0,male,Yes,No,Yes,Often,6-25,Yes,Yes,No,No,No,No,Don't know,Somewhat easy,Maybe,No,Some of them,No,No,No,Don't know,No,31-40
28.0,male,No,No,Yes,Rarely,26-100,No,Yes,Don't know,No,No,Don't know,Don't know,Don't know,Maybe,No,No,No,No,Maybe,Don't know,No,21-30
43.0,female,No,Yes,Yes,Rarely,More than 1000,Yes,Yes,Yes,Yes,No,Yes,Don't know,Don't know,No,No,Some of them,Yes,No,No,Don't know,No,41-65
32.0,male,No,No,No,Never,100-500,No,Yes,Yes,Not sure,Don't know,Yes,Don't know,Somewhat easy,No,No,No,Some of them,Maybe,Yes,Don't know,No,31-40
36.0,male,No,No,Yes,Often,6-25,No,Yes,No,No,No,No,No,Very difficult,Yes,No,Some of them,No,No,Maybe,Don't know,Yes,31-40
41.0,female,No,Yes,Yes,Sometimes,26-100,No,Yes,Yes,No,No,Don't know,Don't know,Don't know,Yes,Maybe,No,No,No,No,Don't know,No,41-65
30.0,male,No,Yes,Yes,Sometimes,26-100,No,Yes,Yes,Yes,Don't know,No,Yes,Very easy,No,No,Yes,Yes,Maybe,Maybe,Yes,No,21-30
30.0,male,Yes,Yes,Yes,Often,26-100,No,Yes,Yes,Not sure,Yes,Yes,Don't know,Don't know,No,No,Some of them,Yes,Maybe,Maybe,Yes,No,21-30
29.0,male,No,Yes,Yes,Sometimes,100-500,Yes,Yes,Yes,Yes,Yes,No,Yes,Don't know,Yes,No,Some of them,No,No,Maybe,No,No,21-30
26.0,male,No,No,Yes,no issue,26-100,No,Yes,No,No,No,No,Don't know,Somewhat easy,No,No,Some of them,Some of them,No,No,Don't know,No,21-30
32.0,male,No,Yes,Yes,Often,26-100,Yes,Yes,Yes,Yes,No,No,Yes,Somewhat difficult,No,No,Some of them,Yes,No,No,Yes,No,31-40
34.0,male,No,Yes,Yes,Sometimes,More than 1000,No,Yes,Yes,Yes,No,No,Don't know,Somewhat difficult,Yes,Yes,No,No,No,No,No,No,31-40
46.0,female,No,No,No,no issue,100-500,Yes,Yes,No,Yes,No,No,Don't know,Don't know,Yes,No,No,No,No,No,No,No,41-65
